circuit,n_qubits,n_ops,entanglement_deps,qpdg_build_ms
qft_2,2,2,0,0.0081
dqc_qft_2,2,2,0,0.0109
dqc_state_injection_S,2,3,1,0.0145
dqc_state_injection_T,2,3,1,0.0145
deutsch_n2,2,5,2,0.0141
bv_2,2,6,2,0.0355
deutsch_n2_transpiled,2,7,2,0.0148
ipea_n2,2,8,0,0.0145
iswap_n2,2,9,4,0.118
rand_cliff_2_GD,2,9,5,0.0248
iswap_n2_transpiled,2,10,4,0.0949
quantumwalks_n2,2,11,6,0.0205
grover_n2_transpiled,2,11,3,0.0251
rand_cliff_2_AG,2,11,4,0.1966
grover_n2,2,16,4,0.0359
quantumwalks_n2_transpiled,2,23,6,0.0294
quantum_volume_n2_d5_i0,2,50,30,0.6902
ipea_n2_transpiled,2,76,60,0.0889
dnn_n2_transpiled,2,206,84,0.1781
dnn_n2,2,226,84,0.1974
ghz_n3,3,3,2,0.027
grover_n3,3,3,0,0.0108
qftentangled_n3,3,3,2,0.0281
qft_3,3,3,0,0.0089
dqc_qft_3,3,3,0,0.0094
pe_2,3,4,0,0.0155
nth_prime3_inc,3,4,4,1.8988
dqc_teleportation,3,4,2,0.0162
dqc_pe_2,3,4,0,0.0187
ham3tc,3,5,7,0.0267
wstate_n3,3,6,5,0.7911
bv_n3,3,6,2,0.0266
dj_n3,3,6,0,0.0203
graphstate_n3,3,6,6,0.0323
3_17tc,3,6,6,0.0239
ham3_fc,3,6,9,0.0474
teleportation_n3,3,8,3,0.0262
teleportation_n3_transpiled,3,8,3,0.0259
wstate_n3,3,9,10,0.0687
bv_3,3,9,4,0.0371
rand_cliff_3_GD,3,11,5,0.0305
qaoa_n3,3,15,13,0.0326
grover_3,3,16,6,0.0579
linearsolver_n3_transpiled,3,17,10,0.0311
rand_cliff_3_AG,3,17,14,0.0377
toffoli_n3,3,18,17,0.0352
fredkin_n3,3,19,18,0.0741
linearsolver_n3,3,19,10,0.0308
toffoli_n3_transpiled,3,19,16,0.0361
fredkin_n3_transpiled,3,20,18,0.0809
qaoa_n3_transpiled,3,23,13,0.0565
wstate_n3_transpiled,3,28,24,0.8272
basis_change_n3,3,33,28,0.0503
quantum_volume_n3_d5_i0,3,50,42,1.6022
basis_change_n3_transpiled,3,55,28,0.0646
cat_state_n4,4,4,4,0.0249
inverseqft_n4,4,4,0,0.0169
qrng_n4,4,4,0,0.0148
ghz_n4,4,4,4,0.0377
grover_n4,4,4,0,0.01
qftentangled_n4,4,4,4,0.0408
adder_n4,4,4,5,0.0365
qft_4,4,4,0,0.0136
rd32,4,4,5,0.0861
dqc_qft_4,4,4,0,0.0148
cat_state_n4_transpiled,4,5,4,0.0246
qft_n4,4,6,0,0.0116
pe_3,4,6,0,0.0165
dqc_pe_3,4,6,0,0.0167
qrng_n4_transpiled,4,8,0,0.0387
bv_n4,4,8,2,0.0324
dj_n4,4,8,0,0.0272
graphstate_n4,4,8,9,0.0327
mspk_nth_primes4_11,4,9,16,0.0472
nth_prime4_inc_d2,4,9,17,0.035
nth_prime4_inc_d1,4,10,19,0.0443
hwb4-11-21,4,11,23,0.2237
bv_4,4,12,7,0.0496
mspk_4_49_12,4,12,19,0.0374
mspk_hwb4_12,4,12,25,0.0478
mspk_nth_primes4_12,4,12,21,0.047
wstate_n4,4,13,19,0.0833
4b15g_2,4,13,18,0.0417
4b15g_3,4,13,22,0.0438
mspk_4_49_13,4,13,25,0.0453
mspk_hwb4_13,4,13,28,0.0462
mspk_nth_primes4_13,4,13,23,0.0485
nth_prime4_inc_15_51,4,13,25,0.0512
4_49tc1,4,14,26,0.0527
4b15g_1,4,14,22,0.0466
4b15g_4,4,14,20,0.0461
mspk_4_49_14,4,14,27,0.0467
mspk_4b15g_1,4,14,29,0.0542
mspk_4b15g_4,4,14,31,0.0554
mspk_nth_primes4_14,4,14,26,0.0488
4b15g_5,4,15,27,0.0484
hwb4tc,4,15,30,0.0495
mspk_4b15g_2,4,15,32,0.0599
mspk_4b15g_3,4,15,28,0.0495
mspk_4b15g_5,4,15,29,0.0581
inverseqft_n4_transpiled,4,16,0,0.0228
4_49_fc,4,19,36,0.0607
eff_1_4,4,19,9,0.0384
eff_2_4,4,19,9,0.0305
eff_3_4,4,19,9,0.0287
eff_4_4,4,19,9,0.0271
eff_5_4,4,19,9,0.0334
hs4_n4_transpiled,4,20,6,0.2065
adder_n4,4,23,25,0.0459
rand_cliff_4_GD,4,23,19,0.0442
adder_n4_transpiled,4,25,25,0.0893
rand_cliff_4_AG,4,25,24,0.0449
hs4_n4,4,28,8,0.2076
bell_n4,4,33,22,0.0525
bell_n4_transpiled,4,36,21,0.0513
qft_n4_transpiled,4,40,40,0.0637
vqe_n4_transpiled,4,41,32,0.062
variational_n4_transpiled,4,50,52,0.0753
variational_n4,4,54,52,0.0847
vqe_n4,4,57,32,0.0763
qcnn_4,4,66,82,0.1793
basis_test_n4,4,98,117,0.1403
basis_test_n4_transpiled,4,99,145,0.1663
quantum_volume_n4_d5_i0,4,100,108,2.4663
vqe_uccsd_n4_transpiled,4,200,311,0.3324
vqe_uccsd_n4,4,220,300,0.3054
basis_trotter_n4,4,1506,1784,2.1518
basis_trotter_n4_transpiled,4,1801,2185,2.3225
qec_sm_n5,5,1,0,0.0173
5QBT_4CYC_4GN_1.0P2_0,5,4,4,0.0253
mod_4mod5-n5-gc4-qc13,5,4,6,0.0224
qec_sm_n5_transpiled,5,5,7,0.0332
ghz_n5,5,5,7,0.0227
grover_n5,5,5,0,0.0099
qftentangled_n5,5,5,7,0.021
qft_5,5,5,0,0.0131
mod5d4,5,5,9,0.0254
dqc_qft_5,5,5,0,0.0106
pea_n5,5,8,0,0.0131
pe_4,5,8,0,0.0208
5QBT_8CYC_8GN_1.0P2_0,5,8,7,0.0351
mod5d1,5,8,20,0.0444
dqc_pe_4,5,8,0,0.0213
mod5d2,5,9,18,0.041
dj_n5,5,10,0,0.0162
graphstate_n5,5,10,15,0.0263
lpn_n5,5,11,3,0.0218
bv_n5,5,11,4,0.0194
lpn_n5_transpiled,5,12,3,0.0234
shor_n5,5,13,16,0.0458
bv_5,5,15,11,0.0921
5QBT_16CYC_16GN_1.0P2_0,5,16,36,0.0509
wstate_n5,5,17,31,0.0488
hwb5-24-102,5,19,51,0.0714
nth_prime5_inc_25_103,5,21,46,0.0932
grover_5,5,23,12,0.1574
qec_en_n5,5,25,36,0.1067
nth_prime5_inc-28-96,5,27,62,0.0918
nth_prime5_inc_29_91,5,28,67,0.0952
hwb5_31_91,5,29,76,1.1135
5QBT_32CYC_32GN_1.0P2_0,5,32,88,0.1175
hwb5-33-71,5,33,86,0.1084
qec_en_n5_transpiled,5,34,36,0.0938
mspk_nth_prime5_inc_29_91_opt_36_80,5,35,97,0.1259
rand_cliff_5_GD,5,36,51,0.0858
mspk_hwb5_31_91_opt_38_80,5,36,109,0.1265
quantum_volume_n5_d2_i0,5,40,39,0.0916
rand_cliff_5_AG,5,42,71,0.0928
hwb5tc,5,42,127,0.1741
quantum_volume_n5_d3_i0,5,60,69,0.0928
5QBT_64CYC_64GN_1.0P2_0,5,64,239,0.1996
shor_n5_transpiled,5,69,115,0.1169
quantum_volume_n5_d4_i0,5,80,93,0.1196
pea_n5_transpiled,5,100,186,0.1585
quantum_volume_n5_d5_i0,5,100,129,0.1602
error_correctiond3_n5,5,114,201,0.4728
error_correctiond3_n5_transpiled,5,175,203,0.4899
permanent2x2-gc3-qc39,6,2,1,1.585
2of5d6-n6-gc10-qc118,6,4,4,0.0252
2of5d7-n6-gc9-qc268,6,4,6,0.0297
qft_6,6,6,0,0.0181
dqc_bitflip_code,6,6,14,0.6189
dqc_qft_6,6,6,0,0.013
5mod5_fc,6,8,16,0.049
pe_5,6,10,0,0.0234
dqc_pe_5,6,10,0,0.0411
2of5d1,6,12,2,0.0431
5mod5tc,6,12,35,0.0532
dqc_phaseflip_code,6,12,17,0.037
2of5d3,6,13,28,0.055
simon_n6,6,16,12,0.0378
mod5adders,6,17,20,0.0484
bv_6,6,18,16,0.1145
nth_prime6_inc_55_667,6,31,79,0.113
hwb6_47_107,6,46,137,0.157
nth_prime6_inc-57-485,6,47,127,0.1533
simon_n6_transpiled,6,48,60,0.0823
rand_cliff_6_GD,6,51,100,0.1092
rand_cliff_6_AG,6,53,109,0.1174
hwb6tc,6,66,226,0.235
qaoa_6,6,89,84,0.4403
quantum_volume_n6_d5_i0,6,150,180,0.2123
hf_6_0_5,6,155,261,0.4316
hf_6_0_9,6,155,261,0.2774
hf_6_1_3,6,155,261,0.2579
hf_6_1_7,6,155,261,0.2564
hf_6_2_1,6,155,261,0.2699
hf_6_2_5,6,155,261,0.3116
qaoa_n6_transpiled,6,254,279,0.3117
qaoa_n6,6,270,288,0.3316
vqe_uccsd_n6_transpiled,6,1826,5258,4.6602
vqe_uccsd_n6,6,2282,5236,5.0655
symmetric_6-n7-gc15-qc825,7,1,0,0.0077
symmetric_6-n7-gc14-qc1308,7,2,1,0.024
qft_7,7,7,0,0.0226
dqc_qft_7,7,7,0,0.015
adder_n7,7,8,16,0.0846
rd53d1-n7-gc11-qc96,7,8,19,0.0386
rd53d1,7,8,19,0.0376
rd53d1-n7-gc12-qc82,7,9,24,0.0434
rd53d1-n7-gc12-qc95,7,9,24,0.0433
2of5d5-n7-gc11-qc32,7,11,31,0.0584
pe_6,7,12,0,0.0279
2of5d2,7,12,39,0.0609
2of5d4-n7-gc12-qc31,7,12,31,0.0532
dqc_pe_6,7,12,0,0.026
rd53d1mils,7,14,40,0.0615
ham7tc,7,19,68,0.0724
bv_7,7,21,22,0.1267
rd53rcmg,7,21,9,0.0524
rd53d15,7,25,23,0.0507
grover_7,7,32,30,0.2506
symmetric_6-n7-gc41-qc206,7,35,144,0.1167
sat_n7,7,40,43,0.0758
rand_cliff_7_GD,7,63,139,0.151
rand_cliff_7_AG,7,83,229,0.1966
hwb7tc,7,105,464,0.4018
hwb7_fc,7,114,528,0.5301
quantum_volume_n7_d5_i0,7,150,249,0.2476
hwb7-331-2609a,7,251,1295,0.9642
nth_prime07_inc-n7-gc440-qc10989,7,330,1587,1.2976
nth_prime07_inc-n7-gc489-qc10898,7,379,1584,1.374
hwb07-n7-gc612-qc1737,7,571,2825,2.3013
hhl_n7_transpiled,7,658,1232,1.0602
hhl_n7,7,689,1232,1.1055
nth_prime07_inc-n7-gc839-qc2284,7,769,4087,3.1406
nth_prime7_inc_1427_3172,7,1394,6874,5.7091
ghz_n8,8,8,22,0.0759
grover_n8,8,8,0,0.011
qftentangled_n8,8,8,22,0.0916
qft_8,8,8,0,0.0161
dqc_qft_8,8,8,0,0.0161
rd53d2,8,12,41,0.0599
pe_7,8,14,0,0.0312
dqc_pe_7,8,14,0,0.0306
dj_n8,8,16,0,0.0263
graphstate_n8,8,16,27,0.0929
bb84_n8_transpiled,8,17,0,0.3978
bv_n8,8,18,7,0.0639
bv_8,8,24,29,0.1507
bb84_n8,8,27,0,0.3816
wstate_n8,8,29,85,0.2707
hwb5ps,8,45,201,0.2029
rand_cliff_8_GD,8,91,209,0.2212
rand_cliff_8_AG,8,108,314,0.2657
qcnn_8,8,154,354,0.283
quantum_volume_n8_d5_i0,8,200,366,0.3232
hf_8_0_5,8,308,712,0.7246
hf_8_0_9,8,308,712,0.7052
hf_8_1_3,8,308,712,0.5974
hf_8_1_7,8,308,712,0.5972
hf_8_2_1,8,308,712,0.5978
hf_8_2_5,8,308,712,0.5731
nth_prime08_inc-n8-gc986-qc10227,8,776,5156,3.9374
dnn_n8_transpiled,8,952,1254,1.3347
dnn_n8,8,1008,1266,1.4428
nth_prime08_inc-n8-gc1692-qc6339,8,1507,9340,15.1868
hwb08-n8-gc1604-qc4862,8,1518,9185,15.0549
hwb8_2710_6940,8,2616,15422,11.2504
nth_prime8_inc_3346_7618,8,3280,19109,23.6626
qft_9,9,9,0,0.0197
dqc_qft_9,9,9,0,0.0178
gf2^3mult_11_47,9,11,38,2.437
pe_8,9,16,0,0.0386
dqc_pe_8,9,16,0,0.0393
qpe_n9,9,18,7,0.0301
bv_9,9,27,37,0.1742
grover_9,9,41,56,0.3493
hwb6ps,9,50,244,0.2341
rand_cliff_9_GD,9,100,277,0.24
rand_cliff_9_AG,9,107,379,0.2984
qpe_n9_transpiled,9,135,291,0.2327
rd73d2-n9-gc296-qc43421,9,189,1235,0.7506
quantum_volume_n9_d5_i0,9,200,378,0.4844
hwb9-1541,9,290,1712,1.4038
rd73d2-n9-gc835-qc4069,9,727,4992,3.5162
hwb9-1959-20378a,9,1529,11364,7.8656
hwb09-n9-gc4014-qc12293,9,3655,25426,18.8498
symmetric_9-n10-gc74-qc31819,10,1,0,0.0082
adder_n10,10,2,0,0.0565
symmetric_9-n10-gc73-qc61928,10,2,1,0.1006
ghz_n10,10,10,37,0.0426
grover_n10,10,10,0,0.015
qftentangled_n10,10,10,37,0.049
qft_10,10,10,0,0.0355
dqc_qft_10,10,10,0,0.0378
adder_n10,10,12,33,0.0726
pe_9,10,18,0,0.0345
dqc_pe_9,10,18,0,0.0372
dj_n10,10,20,0,0.0252
graphstate_n10,10,20,38,0.0581
6symd2,10,20,100,0.1109
rd73d2,10,20,95,0.3714
bv_n10,10,23,11,0.0504
bv_10,10,30,46,0.1616
wstate_n10,10,37,136,0.107
hwb7ps,10,67,386,0.321
rand_cliff_10_GD,10,128,429,0.3328
rand_cliff_10_AG,10,134,551,0.4529
adder_n10_transpiled,10,150,391,0.3827
qaoa_10,10,164,228,0.2869
quantum_volume_n10_d5_i0,10,250,540,0.6585
symmetric_9-n10-gc347-qc1975,10,295,2176,1.4998
ising_n10_transpiled,10,325,740,0.5543
hf_10_0_5,10,461,1287,1.0058
hf_10_0_9,10,461,1287,1.2939
hf_10_1_3,10,461,1287,1.1844
hf_10_1_7,10,461,1287,1.1798
hf_10_2_1,10,461,1287,1.2433
hf_10_2_5,10,461,1287,1.1962
ising_n10,10,480,608,0.7447
quantum_volume_n10_d10_i0,10,500,1332,0.9761
quantum_volume_n10_d15_i0,10,750,2094,1.801
quantum_volume_n10_d20_i0,10,1000,2832,2.2559
nth_prime09_inc-n10-gc2234-qc22181,10,1777,13529,8.6839
nth_prime09_inc-n10-gc3956-qc19464,10,3460,28510,19.7313
hwb10-4540-46597a,10,3639,30043,35.1888
qft_11,11,11,0,0.0194
dqc_qft_11,11,11,0,0.0193
pe_10,11,20,0,0.3571
dqc_pe_10,11,20,0,0.0212
5bitadder,11,29,177,0.1682
bv_11,11,33,56,0.2091
grover_11,11,50,90,0.2718
seca_n11,11,70,272,0.2562
sat_n11,11,91,264,0.2894
rand_cliff_11_GD,11,141,546,0.436
rand_cliff_11_AG,11,160,802,0.5255
seca_n11_transpiled,11,234,691,0.7502
quantum_volume_n11_d5_i0,11,250,597,0.4482
rd84d1-n11-gc679-qc359384,11,456,3919,3.6636
sat_n11_transpiled,11,664,2215,1.7312
rd84d1-n11-gc2560-qc12397,11,2326,18367,12.8171
cycle10_2,12,4,6,0.0432
qft_12,12,12,0,0.0193
dqc_qft_12,12,12,0,0.0121
gf2^4mult_19_83,12,19,99,0.1233
cc_n12,12,22,66,0.0688
pe_11,12,22,0,0.0429
dqc_pe_11,12,22,0,0.0405
9symd2,12,28,165,0.162
cc_n12_transpiled,12,33,66,0.0739
bv_12,12,36,67,0.0772
hwb8ps,12,66,408,1.1786
rand_cliff_12_GD,12,179,784,0.6466
rand_cliff_12_AG,12,180,946,0.6446
quantum_volume_n12_d5_i0,12,300,816,0.563
hf_12_0_5,12,690,2334,1.9583
hf_12_0_9,12,690,2334,2.199
hf_12_1_3,12,690,2334,1.9615
hf_12_1_7,12,690,2334,1.9532
hf_12_2_1,12,690,2334,2.1291
hf_12_2_5,12,690,2334,2.001
qft_13,13,13,0,0.0205
dqc_qft_13,13,13,0,0.0124
multiply_n13,13,14,47,0.1028
adder_n13,13,16,56,0.195
pe_12,13,24,0,0.0239
dqc_pe_12,13,24,0,0.0281
bv_13,13,39,79,0.0819
grover_13,13,59,132,0.1557
multiply_n13_transpiled,13,104,284,0.3906
hwb9ps,13,113,884,1.3374
rand_cliff_13_GD,13,193,946,0.807
rand_cliff_13_AG,13,197,1182,0.7665
quantum_volume_n13_d5_i0,13,300,834,0.7837
gcm_n13,13,2290,6406,5.6736
gcm_h6,13,2290,6406,5.4158
ghz_n14,14,14,79,0.2872
grover_n14,14,14,0,0.0186
qftentangled_n14,14,14,79,0.2793
qft_14,14,14,0,0.0186
dqc_qft_14,14,14,0,0.0123
pe_13,14,26,0,0.0326
dqc_pe_13,14,26,0,0.0231
dj_n14,14,28,0,0.0489
graphstate_n14,14,28,47,0.1063
bv_n14,14,33,22,0.1441
bv_n14,14,41,92,0.0842
bv_14,14,42,92,0.0897
wstate_n14,14,53,274,0.8817
bv_n14_transpiled,14,67,92,0.1938
hwb10ps,14,118,968,7.091
rand_cliff_14_GD,14,227,1270,0.9588
rand_cliff_14_AG,14,259,1699,1.1121
quantum_volume_n14_d5_i0,14,350,1038,0.9029
qft_15,15,15,0,0.0136
dqc_qft_15,15,15,0,0.013
qf21_n15,15,28,13,0.0634
pe_14,15,28,0,0.0261
rd84d1,15,28,186,0.3593
dqc_pe_14,15,28,0,0.0239
gf2^5mult_29_129,15,29,199,9.4199
bv_15,15,45,106,0.1224
ham15tc1,15,64,462,0.373
grover_15,15,68,182,0.2157
multiplier_n15,15,70,565,0.4442
hwb11ps,15,141,1283,0.9958
rand_cliff_15_GD,15,256,1477,0.9572
qaoa_15,15,258,522,1.8706
rand_cliff_15_AG,15,263,1873,1.1544
qf21_n15_transpiled,15,329,1402,0.9962
quantum_volume_n15_d5_i0,15,350,1101,0.8686
multiplier_n15_transpiled,15,526,2353,7.5358
16QBT_4CYC_8GN_1.0P2_0,16,8,1,0.0427
qft_16,16,16,0,0.0135
16QBT_8CYC_16GN_1.0P2_0,16,16,6,0.0746
dqc_qft_16,16,16,0,0.0132
adder_n16,16,20,85,0.1126
pe_15,16,30,0,0.0273
dqc_pe_15,16,30,0,0.026
16QBT_16CYC_32GN_1.0P2_0,16,32,45,0.0838
bv_16,16,48,121,0.1171
16QBT_32CYC_64GN_1.0P2_0,16,64,83,0.1344
16QBT_64CYC_128GN_1.0P2_0,16,128,521,0.5216
hwb12ps,16,134,1244,1.0941
rand_cliff_16_GD,16,281,1802,1.2866
rand_cliff_16_AG,16,296,2314,1.5253
qcnn_16,16,330,1450,1.4364
quantum_volume_n16_d5_i0,16,400,1326,1.0809
dnn_n16_transpiled,16,1904,4296,3.3754
dnn_n16,16,2016,4758,3.9451
qft_17,17,17,0,0.0146
dqc_qft_17,17,17,0,0.0142
pe_16,17,32,0,0.0348
dqc_pe_16,17,32,0,0.0293
bv_17,17,51,137,0.1226
qec9xz_n17,17,53,314,0.2371
qec9xz_n17_transpiled,17,74,348,0.2603
grover_17,17,77,240,0.2873
hwb13ps,17,169,1786,1.2319
rand_cliff_17_GD,17,311,2216,1.4779
rand_cliff_17_AG,17,354,3129,2.0307
bigadder_n18,18,2,0,0.3345
ghz_n18,18,18,137,0.0965
grover_n18,18,18,0,0.0176
qftentangled_n18,18,18,137,0.1068
qft_18,18,18,0,0.0152
dqc_qft_18,18,18,0,0.0163
pe_17,18,34,0,0.0339
dqc_pe_17,18,34,0,0.0313
dj_n18,18,36,0,0.0347
graphstate_n18,18,36,98,0.1033
gf2^6mult_41_185,18,41,357,0.3541
bv_n18,18,43,37,0.0718
bv_18,18,54,154,0.1379
wstate_n18,18,69,460,0.2961
hwb14ps,18,174,1896,1.6358
bigadder_n18_transpiled,18,298,1275,1.1952
rand_cliff_18_GD,18,366,2646,1.8598
rand_cliff_18_AG,18,377,3233,1.9893
square_root_n18,18,480,3197,2.514
qft_n18,18,783,3876,2.4987
qft_n18_transpiled,18,801,3876,2.7312
square_root_n18_transpiled,18,2400,13212,9.6607
qft_19,19,19,0,0.0175
dqc_qft_19,19,19,0,0.0153
adder_n19,19,24,120,0.162
pe_18,19,36,0,0.0356
dqc_pe_18,19,36,0,0.0272
bv_n19,19,56,172,0.1445
bv_19,19,57,172,0.1602
grover_19,19,86,306,0.377
bv_n19_transpiled,19,92,172,0.1537
hwb15ps,19,197,2333,1.7999
rand_cliff_19_GD,19,404,3109,2.2824
rand_cliff_19_AG,19,436,4322,3.1194
20QBT_4CYC_8GN_1.0P2_0,20,8,4,0.0458
20QBT_8CYC_16GN_1.0P2_0,20,16,18,0.0681
mod1024adder,20,19,171,0.1617
qft_20,20,20,0,0.0161
dqc_qft_20,20,20,0,0.0167
20QBT_16CYC_32GN_1.0P2_0,20,32,37,0.0649
pe_19,20,38,0,0.036
dqc_pe_19,20,38,0,0.0332
qram_n20,20,41,330,0.627
bv_20,20,60,191,0.1525
20QBT_32CYC_64GN_1.0P2_0,20,64,164,0.1623
20QBT_64CYC_128GN_1.0P2_0,20,128,716,0.5408
permanent3x3p3,20,144,1640,1.241
qram_n20_transpiled,20,320,1921,1.7247
qaoa_20,20,376,885,2.9609
quantum_volume_n20_d20_i0,20,2000,11118,8.3018
qft_21,21,21,0,0.0183
dqc_qft_21,21,21,0,0.0185
pe_20,21,40,0,0.028
dqc_pe_20,21,40,0,0.0314
gf2^7mult_55_251,21,55,574,0.5586
bv_21,21,63,211,0.1598
grover_21,21,95,380,0.5185
hwb16ps,21,178,2138,1.8522
cat_state_n22,22,22,211,0.1629
qft_22,22,22,0,0.0209
dqc_qft_22,22,22,0,0.017
cat_state_n22_transpiled,22,23,211,0.1425
adder_n22,22,28,161,0.2015
pe_21,22,42,0,0.0338
dqc_pe_21,22,42,0,0.031
bv_22,22,66,232,0.1789
ghz_state_n23,23,23,232,0.697
qft_23,23,23,0,0.0218
dqc_qft_23,23,23,0,0.0169
ghz_state_n23_transpiled,23,24,232,0.7883
pe_22,23,44,0,0.0346
dqc_pe_22,23,44,0,0.0346
bv_23,23,69,254,0.2067
grover_23,23,104,462,0.5233
qft_24,24,24,0,0.0212
dqc_qft_24,24,24,0,0.018
pe_23,24,46,0,0.0352
dqc_pe_23,24,46,0,0.0356
bv_24,24,72,277,0.2215
gf2^8mult_85_341,24,85,1135,0.9505
qft_25,25,25,0,0.0202
dqc_qft_25,25,25,0,0.0176
knn_n25,25,26,0,0.0835
swap_test_n25,25,26,0,0.1979
adder_n25,25,32,208,0.2258
pe_24,25,48,0,0.0377
dqc_pe_24,25,48,0,0.0368
bv_25,25,75,301,0.2086
grover_25,25,113,552,0.5828
knn_n25_transpiled,25,268,645,0.8196
swap_test_n25_transpiled,25,292,645,1.5342
hwb20ps,25,294,4582,3.9677
qaoa_25,25,482,1305,1.1032
qft_26,26,26,0,0.0199
dqc_qft_26,26,26,0,0.0182
pe_25,26,50,0,0.0364
dqc_pe_25,26,50,0,0.0408
bv_26,26,78,326,0.2397
ising_n26_transpiled,26,151,280,0.3242
ising_n26,26,280,280,0.3877
qft_27,27,27,0,0.0204
dqc_qft_27,27,27,0,0.0389
pe_26,27,52,0,0.0378
dqc_pe_26,27,52,0,0.0372
bv_27,27,81,352,0.2484
gf2^9mult_89_413,27,89,1190,1.282
wstate_n27,27,105,1054,0.627
wstate_n27_transpiled,27,105,885,0.6174
grover_27,27,122,650,0.6668
qft_28,28,28,0,0.0201
dqc_qft_28,28,28,0,0.021
adder_n28,28,36,261,0.3128
pe_27,28,54,0,0.0427
dqc_pe_27,28,54,0,0.0399
bv_28,28,84,379,0.2811
adder_n28,28,88,849,1.2236
adder_n28_transpiled,28,448,2648,3.4568
qft_29,29,29,0,0.0203
dqc_qft_29,29,29,0,0.0212
pe_28,29,56,0,0.0512
dqc_pe_28,29,56,0,0.0422
bv_29,29,87,407,0.2968
grover_29,29,131,756,0.7624
qft_n29,29,2059,16240,15.4695
qft_n29_transpiled,29,2088,16240,11.1042
qft_30,30,30,0,0.0188
dqc_qft_30,30,30,0,0.019
pe_29,30,58,0,0.0421
dqc_pe_29,30,58,0,0.0424
bv_n30,30,78,172,0.2495
bv_30,30,90,436,0.2655
gf2^10mult_109_509,30,109,1627,1.5253
bv_n30_transpiled,30,136,172,0.3488
qaoa_30,30,588,2319,1.911
quantum_volume_n30_d20_i0,30,3000,24630,17.291
qft_31,31,31,0,0.0215
dqc_qft_31,31,31,0,0.0212
knn_n31,31,32,0,0.0343
adder_n31,31,40,320,0.3526
pe_30,31,60,0,0.0398
dqc_pe_30,31,60,0,0.0381
bv_31,31,93,466,0.3176
grover_31,31,140,870,0.8257
knn_n31_transpiled,31,334,939,1.6667
ghz_n32,32,32,466,0.2691
qftentangled_n32,32,32,466,0.2739
qft_32,32,32,0,0.0479
dqc_qft_32,32,32,0,0.0225
cc_n32,32,62,496,0.7006
pe_31,32,62,0,0.0523
dqc_pe_31,32,62,0,0.042
dj_n32,32,64,0,0.0457
graphstate_n32,32,64,181,0.1855
bv_n32,32,78,121,0.1173
cc_n32_transpiled,32,93,496,0.8125
bv_32,32,96,497,0.3427
wstate_n32,32,125,1489,0.8007
qft_33,33,33,0,0.0215
dqc_qft_33,33,33,0,0.0227
pe_32,33,64,0,0.0451
dqc_pe_32,33,64,0,0.045
dnn_n33,33,66,0,0.1307
bv_33,33,99,529,0.3673
gf2^11mult_131_615,33,131,2208,2.2538
grover_33,33,149,992,1.0845
dnn_n33_transpiled,33,672,3235,2.6961
qft_34,34,34,0,0.0221
dqc_qft_34,34,34,0,0.0245
adder_n34,34,44,385,0.4086
pe_33,34,66,0,0.0461
dqc_pe_33,34,66,0,0.0441
bv_34,34,102,562,0.3987
ising_n34_transpiled,34,199,436,0.5136
ising_n34,34,368,436,0.6045
cat_n35,35,35,562,0.5485
qft_35,35,35,0,0.0225
dqc_qft_35,35,35,0,0.0237
cat_n35_transpiled,35,36,562,0.4725
pe_34,35,68,0,0.0467
dqc_pe_34,35,68,0,0.0453
bv_35,35,105,596,0.4397
grover_35,35,158,1122,1.0905
qaoa_35,35,718,3399,2.5548
qft_36,36,36,0,0.0244
dqc_qft_36,36,36,0,0.0234
pe_35,36,70,0,0.0483
dqc_pe_35,36,70,0,0.0508
bv_36,36,108,631,0.4285
wstate_n36,36,141,1891,2.1223
wstate_n36_transpiled,36,141,1632,1.481
gf2^12mult_177_753,36,177,3616,3.2726
qft_37,37,37,0,0.025
dqc_qft_37,37,37,0,0.0223
adder_n37,37,48,456,0.4597
pe_36,37,72,0,0.0491
dqc_pe_36,37,72,0,0.0507
bv_37,37,111,667,0.4602
grover_37,37,167,1260,1.3692
qft_38,38,38,0,0.0237
dqc_qft_38,38,38,0,0.0257
pe_37,38,74,0,0.0544
dqc_pe_37,38,74,0,0.0543
bv_38,38,114,704,0.45
qft_39,39,39,0,0.0236
dqc_qft_39,39,39,0,0.0245
qugan_n39,39,40,0,0.0403
pe_38,39,76,0,0.0509
dqc_pe_38,39,76,0,0.051
bv_39,39,117,742,0.457
grover_39,39,176,1406,1.6547
gf2^13mult_205_881,39,205,4507,4.4933
qugan_n39_transpiled,39,780,5324,6.4182
ghz_n40,40,40,742,0.6615
qft_40,40,40,0,0.0231
dqc_qft_40,40,40,0,0.0225
ghz_n40_transpiled,40,41,742,0.6154
adder_n40,40,52,533,0.5321
pe_39,40,78,0,0.0531
dqc_pe_39,40,78,0,0.0903
bv_40,40,120,781,0.4499
qaoa_40,40,836,4482,3.2672
quantum_volume_n40_d20_i0,40,4000,43572,32.4651
qft_41,41,41,0,0.0265
dqc_qft_41,41,41,0,0.0262
knn_n41,41,42,0,0.0295
swap_test_n41,41,42,0,0.0528
pe_40,41,80,0,0.0488
dqc_pe_40,41,80,0,0.0482
bv_41,41,123,821,0.5188
grover_41,41,185,1560,1.8057
swap_test_n41_transpiled,41,484,1548,2.4198
qft_42,42,42,0,0.027
dqc_qft_42,42,42,0,0.0264
pe_41,42,82,0,0.059
dqc_pe_41,42,82,0,0.0527
bv_42,42,126,862,0.5553
gf2^14mult_235_1019,42,235,5593,5.6908
ising_n42,42,456,624,0.9214
qft_43,43,43,0,0.0283
dqc_qft_43,43,43,0,0.0264
adder_n43,43,56,616,0.601
pe_42,43,84,0,0.0631
dqc_pe_42,43,84,0,0.0589
bv_43,43,129,904,0.6114
grover_43,43,194,1722,1.928
qft_44,44,44,0,0.031
dqc_qft_44,44,44,0,0.0275
pe_43,44,86,0,0.0624
dqc_pe_43,44,86,0,0.0561
bv_44,44,132,947,0.6126
qft_45,45,45,0,0.029
dqc_qft_45,45,45,0,0.0263
pe_44,45,88,0,0.0622
dqc_pe_44,45,88,0,0.0771
bv_45,45,135,991,0.7748
grover_45,45,203,1892,2.1831
gf2^15mult_239_1139,45,239,5742,6.1817
multiplier_n45,45,689,19703,18.1424
qaoa_45,45,966,5817,4.7151
qft_46,46,46,0,0.0337
dqc_qft_46,46,46,0,0.0268
adder_n46,46,60,705,0.7205
pe_45,46,90,0,0.0596
dqc_pe_45,46,90,0,0.0637
bv_46,46,138,1036,0.6306
qft_47,47,47,0,0.0285
dqc_qft_47,47,47,0,0.0283
pe_46,47,92,0,0.0628
dqc_pe_46,47,92,0,0.0606
bv_47,47,141,1082,0.6764
grover_47,47,212,2070,2.5401
qft_48,48,48,0,0.0311
dqc_qft_48,48,48,0,0.0279
pe_47,48,94,0,0.0748
dqc_pe_47,48,94,0,0.0618
bv_48,48,144,1129,0.6861
gf2^16mult_301_1325,48,301,8205,8.2231
qaoa_48,48,1032,6558,5.0978
qft_49,49,49,0,0.0294
dqc_qft_49,49,49,0,0.028
adder_n49,49,64,800,0.8006
pe_48,49,96,0,0.0664
dqc_pe_48,49,96,0,0.0635
bv_49,49,147,1177,7.9445
grover_49,49,221,2256,2.6553
inst_7x7_10_0,49,839,5613,5.0998
qft_50,50,50,0,0.0299
dqc_qft_50,50,50,0,0.0325
pe_49,50,98,0,0.0678
dqc_pe_49,50,98,0,0.065
bv_50,50,150,1226,0.7005
qft_51,51,51,0,0.0299
dqc_qft_51,51,51,0,0.0327
pe_50,51,100,0,0.0614
dqc_pe_50,51,100,0,0.059
dnn_n51,51,102,0,0.0726
bv_51,51,153,1276,0.9312
grover_51,51,230,2450,2.8056
gf2^17mult_305_1461,51,305,8088,9.2136
dnn_n51_transpiled,51,1059,7743,7.0381
qft_52,52,52,0,0.0325
dqc_qft_52,52,52,0,0.0318
adder_n52,52,68,901,0.9883
pe_51,52,102,0,0.0675
dqc_pe_51,52,102,0,0.0672
bv_52,52,156,1327,0.7921
53QBT_4CYC_8GN_1.0P2_0,53,8,1,0.0449
53QBT_8CYC_16GN_1.0P2_0,53,16,7,0.0681
53QBT_16CYC_32GN_1.0P2_0,53,32,22,0.0655
qft_53,53,53,0,0.0316
dqc_qft_53,53,53,0,0.0361
53QBT_32CYC_64GN_1.0P2_0,53,64,66,0.1259
pe_52,53,104,0,0.0728
dqc_pe_52,53,104,0,0.0658
53QBT_64CYC_128GN_1.0P2_0,53,128,246,0.2591
bv_53,53,159,1379,0.8391
grover_53,53,239,2652,3.2285
54QBT_4CYC_8GN_1.0P2_0,54,8,1,0.0442
54QBT_8CYC_16GN_1.0P2_0,54,16,8,0.0611
54QBT_16CYC_32GN_1.0P2_0,54,32,24,0.0649
qft_54,54,54,0,0.0317
dqc_qft_54,54,54,0,0.031
54QBT_32CYC_64GN_1.0P2_0,54,64,133,0.1726
pe_53,54,106,0,0.0702
dqc_pe_53,54,106,0,0.0669
54QBT_64CYC_128GN_1.0P2_0,54,128,467,0.383
bv_54,54,162,1432,0.91
gf2^18mult_375_1671,54,375,11487,19.2545
qft_55,55,55,0,0.0319
dqc_qft_55,55,55,0,0.031
adder_n55,55,72,1008,1.0232
pe_54,55,108,0,0.0762
dqc_pe_54,55,108,0,0.0682
bv_55,55,165,1486,1.0473
grover_55,55,248,2862,3.4333
qft_56,56,56,0,0.0427
dqc_qft_56,56,56,0,0.0327
pe_55,56,110,0,0.0727
dqc_pe_55,56,110,0,0.0685
bv_56,56,168,1541,0.896
hwb50ps,56,966,36772,41.3037
qft_57,57,57,0,0.0354
dqc_qft_57,57,57,0,0.0362
pe_56,57,112,0,0.0769
dqc_pe_56,57,112,0,0.0898
bv_57,57,171,1597,0.9191
grover_57,57,257,3080,3.6847
gf2^19mult_415_1859,57,415,13413,14.6501
qft_58,58,58,0,0.0332
dqc_qft_58,58,58,0,0.0333
adder_n58,58,76,1121,1.1357
pe_57,58,114,0,0.078
dqc_pe_57,58,114,0,0.0736
bv_58,58,174,1654,1.1647
qft_59,59,59,0,0.0339
dqc_qft_59,59,59,0,0.0334
pe_58,59,116,0,0.0775
dqc_pe_58,59,116,0,0.0714
bv_59,59,177,1712,1.0409
grover_59,59,266,3306,10.7561
qft_60,60,60,0,0.0304
dqc_qft_60,60,60,0,0.03
pe_59,60,118,0,0.0766
dqc_pe_59,60,118,0,0.0751
bv_60,60,180,1771,0.9905
gf2^20mult_419_2019,60,419,13207,15.1972
qft_61,61,61,0,0.037
dqc_qft_61,61,61,0,0.0351
adder_n61,61,80,1240,1.3645
pe_60,61,120,0,0.0664
dqc_pe_60,61,120,0,0.0668
bv_61,61,183,1831,1.3498
grover_61,61,275,3540,4.3047
qft_62,62,62,0,0.0358
dqc_qft_62,62,62,0,0.0358
pe_61,62,122,0,0.0784
dqc_pe_61,62,122,0,0.0781
bv_62,62,186,1892,1.318
qft_63,63,63,0,0.0373
dqc_qft_63,63,63,0,0.0364
pe_62,63,124,0,0.0805
dqc_pe_62,63,124,0,0.0859
bv_63,63,189,1954,1.1671
grover_63,63,284,3782,4.6954
ghz_n64,64,64,1954,1.1249
qftentangled_n64,64,64,1954,1.0897
qft_64,64,64,0,0.0374
dqc_qft_64,64,64,0,0.0356
adder_n64,64,84,1365,1.3508
cc_n64,64,126,2016,1.2189
pe_63,64,126,0,0.0848
dqc_pe_63,64,126,0,0.0787
dj_n64,64,128,0,0.0995
graphstate_n64,64,128,436,0.3804
bv_n64,64,158,497,0.348
cc_n64_transpiled,64,189,2016,1.1684
bv_64,64,192,2017,1.5193
adder_n64,64,204,4333,4.1908
wstate_n64,64,253,6049,4.5821
adder_n64_transpiled,64,1044,13460,11.3872
inst_8x8_10_0,64,1116,9840,8.1314
qaoa_64,64,1472,5616,11.8078
cat_n65,65,65,2017,1.2554
qft_65,65,65,0,0.0361
dqc_qft_65,65,65,0,0.0375
cat_n65_transpiled,65,66,2017,1.0433
pe_64,65,128,0,0.096
dqc_pe_64,65,128,0,0.0918
bv_65,65,195,2081,1.3762
grover_65,65,293,4032,4.9739
qft_66,66,66,0,0.0387
dqc_qft_66,66,66,0,0.0383
pe_65,66,130,0,0.0808
dqc_pe_65,66,130,0,0.0865
bv_66,66,198,2146,1.4571
ising_n66_transpiled,66,391,1380,1.5905
ising_n66,66,720,1380,2.2084
qft_67,67,67,0,0.0363
dqc_qft_67,67,67,0,0.0364
knn_n67,67,68,0,0.0392
adder_n67,67,88,1496,1.6034
pe_66,67,132,0,0.0892
dqc_pe_66,67,132,0,0.0898
bv_67,67,201,2212,1.4845
grover_67,67,302,4290,5.4737
knn_n67_transpiled,67,730,3835,4.6933
qft_68,68,68,0,0.0368
dqc_qft_68,68,68,0,0.0381
pe_67,68,134,0,0.0915
dqc_pe_67,68,134,0,0.132
bv_68,68,204,2279,1.4916
qft_69,69,69,0,0.0531
dqc_qft_69,69,69,0,0.039
pe_68,69,136,0,0.0866
dqc_pe_68,69,136,0,0.0878
bv_69,69,207,2347,1.556
grover_69,69,311,4556,5.8649
qft_70,70,70,0,0.0427
dqc_qft_70,70,70,0,0.0335
adder_n70,70,92,1633,1.5399
pe_69,70,138,0,0.0908
dqc_pe_69,70,138,0,0.0866
bv_n70,70,176,667,0.4868
bv_70,70,210,2416,1.6567
bv_n70_transpiled,70,314,667,0.5253
qft_71,71,71,0,0.0888
dqc_qft_71,71,71,0,0.0375
qugan_n71,71,72,0,0.0461
pe_70,71,140,0,0.0788
dqc_pe_70,71,140,0,0.079
bv_71,71,213,2486,1.8415
grover_71,71,320,4830,5.9911
qugan_n71_transpiled,71,1452,17643,23.7868
qft_72,72,72,0,0.0495
dqc_qft_72,72,72,0,0.0405
pe_71,72,142,0,0.0947
dqc_pe_71,72,142,0,0.0911
bv_72,72,216,2557,1.8094
qaoa_72,72,1668,7158,6.428
qft_73,73,73,0,0.0463
dqc_qft_73,73,73,0,0.0415
adder_n73,73,96,1776,1.927
pe_72,73,144,0,0.1012
dqc_pe_72,73,144,0,0.0878
bv_73,73,219,2629,1.7701
grover_73,73,329,5112,6.8948
qft_74,74,74,0,0.0441
dqc_qft_74,74,74,0,0.0405
pe_73,74,146,0,0.0971
dqc_pe_73,74,146,0,0.0903
bv_74,74,222,2702,2.0043
qft_75,75,75,0,0.0421
dqc_qft_75,75,75,0,0.0388
pe_74,75,148,0,0.096
dqc_pe_74,75,148,0,0.0888
bv_75,75,225,2776,2.0758
grover_75,75,338,5402,6.8474
multiplier_n75,75,1957,95794,105.3153
qft_76,76,76,0,0.0414
dqc_qft_76,76,76,0,0.0508
adder_n76,76,100,1925,1.9228
pe_75,76,150,0,0.1195
dqc_pe_75,76,150,0,0.0945
bv_76,76,228,2851,2.1173
wstate_n76,76,301,8551,6.9967
wstate_n76_transpiled,76,301,7892,5.8735
qft_77,77,77,0,0.0404
dqc_qft_77,77,77,0,0.0418
pe_76,77,152,0,0.1047
dqc_pe_76,77,152,0,0.09
bv_77,77,231,2927,1.989
grover_77,77,347,5700,8.8782
ghz_n78,78,78,2927,2.0942
qft_78,78,78,0,0.044
dqc_qft_78,78,78,0,0.041
ghz_n78_transpiled,78,79,2927,1.9426
pe_77,78,154,0,0.1393
dqc_pe_77,78,154,0,0.1005
bv_78,78,234,3004,2.1453
qft_79,79,79,0,0.0418
dqc_qft_79,79,79,0,0.0427
adder_n79,79,104,2080,2.5318
pe_78,79,156,0,0.1128
dqc_pe_78,79,156,0,0.0985
bv_79,79,237,3082,2.3037
grover_79,79,356,6006,9.2381
qft_80,80,80,0,0.0389
dqc_qft_80,80,80,0,0.0383
pe_79,80,158,0,0.1177
dqc_pe_79,80,158,0,0.094
bv_80,80,240,3161,2.1714
qaoa_80,80,1722,8712,8.1729
qft_81,81,81,0,0.0429
dqc_qft_81,81,81,0,0.0439
pe_80,81,160,0,0.0902
dqc_pe_80,81,160,0,0.0868
bv_81,81,243,3241,2.389
grover_81,81,365,6320,9.7567
inst_9x9_10_0,81,1417,15490,15.5442
qft_82,82,82,0,0.0431
dqc_qft_82,82,82,0,0.0454
adder_n82,82,108,2241,2.8269
pe_81,82,162,0,0.1463
dqc_pe_81,82,162,0,0.1002
bv_82,82,246,3322,2.3917
qft_83,83,83,0,0.0439
dqc_qft_83,83,83,0,0.0512
swap_test_n83,83,84,0,0.0544
pe_82,83,164,0,0.1102
dqc_pe_82,83,164,0,0.1064
bv_83,83,249,3404,2.6415
grover_83,83,374,6642,10.2271
swap_test_n83_transpiled,83,988,5746,7.9437
qft_84,84,84,0,0.0486
dqc_qft_84,84,84,0,0.045
pe_83,84,166,0,0.1512
dqc_pe_83,84,166,0,0.103
bv_84,84,252,3487,2.5121
qft_85,85,85,0,0.0447
dqc_qft_85,85,85,0,0.0469
adder_n85,85,112,2408,3.3251
pe_84,85,168,0,0.1062
dqc_pe_84,85,168,0,0.1068
bv_85,85,255,3571,2.5812
grover_85,85,383,6972,11.2475
qft_86,86,86,0,0.0547
dqc_qft_86,86,86,0,0.0457
pe_85,86,170,0,0.1251
dqc_pe_85,86,170,0,0.1029
bv_86,86,258,3656,2.5932
qft_87,87,87,0,0.0541
dqc_qft_87,87,87,0,0.0473
pe_86,87,172,0,0.1317
dqc_pe_86,87,172,0,0.102
bv_87,87,261,3742,2.7899
grover_87,87,392,7310,11.9153
qft_88,88,88,0,0.0512
dqc_qft_88,88,88,0,0.0453
adder_n88,88,116,2581,3.1644
pe_87,88,174,0,0.1163
dqc_pe_87,88,174,0,0.1065
bv_88,88,264,3829,2.9317
qft_89,89,89,0,0.063
dqc_qft_89,89,89,0,0.047
pe_88,89,176,0,0.1167
dqc_pe_88,89,176,0,0.1533
bv_89,89,267,3917,2.8602
grover_89,89,401,7656,12.1926
qft_90,90,90,0,0.0454
dqc_qft_90,90,90,0,0.0441
pe_89,90,178,0,0.1244
dqc_pe_89,90,178,0,0.1757
bv_90,90,270,4006,3.5403
qft_91,91,91,0,0.0547
dqc_qft_91,91,91,0,0.0506
adder_n91,91,120,2760,3.4569
pe_90,91,180,0,0.0954
dqc_pe_90,91,180,0,0.0972
bv_91,91,273,4096,3.285
grover_91,91,410,8010,12.5545
qft_92,92,92,0,0.0535
dqc_qft_92,92,92,0,0.0483
pe_91,92,182,0,0.1746
dqc_pe_91,92,182,0,0.1117
bv_92,92,276,4187,3.0961
qft_93,93,93,0,0.0494
dqc_qft_93,93,93,0,0.05
pe_92,93,184,0,0.118
dqc_pe_92,93,184,0,0.1159
bv_93,93,279,4279,3.5371
grover_93,93,419,8372,13.1247
qft_94,94,94,0,0.0607
dqc_qft_94,94,94,0,0.0526
adder_n94,94,124,2945,3.7993
pe_93,94,186,0,0.1151
dqc_pe_93,94,186,0,0.115
bv_94,94,282,4372,3.2076
qft_95,95,95,0,0.0601
dqc_qft_95,95,95,0,0.0541
pe_94,95,188,0,0.1144
dqc_pe_94,95,188,0,0.1137
bv_95,95,285,4466,3.353
grover_95,95,428,8742,21.143
qft_96,96,96,0,0.0634
dqc_qft_96,96,96,0,0.0494
pe_95,96,190,0,0.1391
dqc_pe_95,96,190,0,0.1205
bv_96,96,288,4561,3.5345
gf2^32mult_1117_5213,96,1117,60729,84.8362
gf2^32mult_1179_5275,96,1179,65661,103.4638
qft_97,97,97,0,0.0605
dqc_qft_97,97,97,0,0.0515
adder_n97,97,128,3136,4.0235
pe_96,97,192,0,0.1318
dqc_pe_96,97,192,0,0.1226
bv_97,97,291,4657,3.635
grover_97,97,437,9120,14.8982
qft_98,98,98,0,0.0547
dqc_qft_98,98,98,0,0.0653
pe_97,98,194,0,0.1381
dqc_pe_97,98,194,0,0.1175
bv_98,98,294,4754,3.6429
ising_n98_transpiled,98,583,2836,3.8636
ising_n98,98,1072,2836,4.9234
qft_99,99,99,0,0.0607
dqc_qft_99,99,99,0,0.0508
pe_98,99,196,0,0.1305
dqc_pe_98,99,196,0,0.119
bv_99,99,297,4852,3.719
grover_99,99,446,9506,15.8081
qft_100,100,100,0,0.0509
dqc_qft_100,100,100,0,0.0465
adder_n100,100,132,3333,4.5008
pe_99,100,198,0,0.142
dqc_pe_99,100,198,0,0.123
bv_100,100,300,4951,3.5677
inst_10x10_10_0,100,746,9339,11.8994
qaoa_100,100,2360,12540,19.2099
pe_100,101,200,0,0.117
dqc_pe_100,101,200,0,0.1082
hwb100ps,107,2230,166750,237.1273
qugan_n111,111,112,0,1.0627
qugan_n111_transpiled,111,2292,43132,54.1804
swap_test_n115,115,116,0,0.0905
swap_test_n115_transpiled,115,1372,10735,17.6429
adder_n118,118,378,14599,15.2553
wstate_n118,118,469,20710,29.3641
wstate_n118_transpiled,118,469,18911,19.3035
adder_n118_transpiled,118,1938,43968,44.9002
qaoa_121,121,2662,19404,20.2099
ghz_n127,127,127,7876,6.3672
ghz_n127_transpiled,127,128,7876,6.513
ghz_n128,128,128,8002,6.9062
qftentangled_n128,128,128,8002,6.8863
dj_n128,128,256,0,0.1388
graphstate_n128,128,256,853,0.7874
bv_n128,128,318,2017,1.5673
wstate_n128,128,509,24385,29.0157
knn_n129,129,130,0,0.301
knn_129,129,130,0,0.233
knn_129_transpiled,129,1412,13408,22.1452
cat_n130,130,130,8257,7.1428
cat_n130_transpiled,130,131,8257,7.0286
bv_n140,140,352,2629,2.3142
bv_n140_transpiled,140,630,2629,2.8161
inst_12x12_10_0,144,1081,19277,40.0208
qaoa_144,144,3192,24336,27.4262
gf2^50_2647_12647,150,2647,222783,547.0959
cc_n151,151,300,11325,19.2127
cc_n151_transpiled,151,450,11325,11.042
qaoa_169,169,3770,35490,53.8239
