path,n_qubits,exception
QASMBench-master/QASMBench-master/small/vqe_uccsd_n4/vqe_uccsd_n4_transpiled.qasm,4,"qiskit.qasm2.exceptions.QASM2ParseError: ""vqe_uccsd_n4_transpiled.qasm:242,8: 'q' is not defined in this scope"""
qasmbench/small/vqe_uccsd_n4.qasm,4,"qiskit.qasm2.exceptions.QASM2ParseError: ""vqe_uccsd_n4.qasm:225,8: 'q' is not defined in this scope"""
veriqbench/combinational/rev_circuit/hwb5tc.qasm,5,"qiskit.qasm2.exceptions.QASM2ParseError: ""hwb5tc.qasm:6,142: 'c3sx' is not defined in this scope"""
veriqbench/combinational/rev_circuit/permanent2x2-gc3-qc39.qasm,6,"qiskit.qasm2.exceptions.QASM2ParseError: ""permanent2x2-gc3-qc39.qasm:5,126: 'c3sx' is not defined in this scope"""
veriqbench/combinational/rev_circuit/2of5d6-n6-gc10-qc118.qasm,6,"qiskit.qasm2.exceptions.QASM2ParseError: ""2of5d6-n6-gc10-qc118.qasm:6,142: 'c3sx' is not defined in this scope"""
veriqbench/combinational/rev_circuit/2of5d1.qasm,6,"qiskit.qasm2.exceptions.QASM2ParseError: ""2of5d1.qasm:5,126: 'c3sx' is not defined in this scope"""
veriqbench/combinational/rev_circuit/5mod5tc.qasm,6,"qiskit.qasm2.exceptions.QASM2ParseError: ""5mod5tc.qasm:7,126: 'c3sx' is not defined in this scope"""
veriqbench/combinational/rev_circuit/mod5adders.qasm,6,"qiskit.qasm2.exceptions.QASM2ParseError: ""mod5adders.qasm:6,142: 'c3sx' is not defined in this scope"""
veriqbench/combinational/rev_circuit/nth_prime6_inc_55_667.qasm,6,"qiskit.qasm2.exceptions.QASM2ParseError: ""nth_prime6_inc_55_667.qasm:7,142: 'c3sx' is not defined in this scope"""
veriqbench/combinational/rev_circuit/nth_prime6_inc-57-485.qasm,6,"qiskit.qasm2.exceptions.QASM2ParseError: ""nth_prime6_inc-57-485.qasm:7,142: 'c3sx' is not defined in this scope"""
veriqbench/combinational/rev_circuit/hwb6tc.qasm,6,"qiskit.qasm2.exceptions.QASM2ParseError: ""hwb6tc.qasm:7,142: 'c3sx' is not defined in this scope"""
QASMBench-master/QASMBench-master/small/vqe_uccsd_n6/vqe_uccsd_n6_transpiled.qasm,6,"qiskit.qasm2.exceptions.QASM2ParseError: ""vqe_uccsd_n6_transpiled.qasm:2128,8: 'q' is not defined in this scope"""
qasmbench/small/vqe_uccsd_n6.qasm,6,"qiskit.qasm2.exceptions.QASM2ParseError: ""vqe_uccsd_n6.qasm:2286,8: 'q' is not defined in this scope"""
veriqbench/combinational/rev_circuit/symmetric_6-n7-gc15-qc825.qasm,7,"qiskit.qasm2.exceptions.QASM2ParseError: ""symmetric_6-n7-gc15-qc825.qasm:4,0: 'mcu1' is already defined"""
veriqbench/combinational/rev_circuit/symmetric_6-n7-gc14-qc1308.qasm,7,"qiskit.qasm2.exceptions.QASM2ParseError: ""symmetric_6-n7-gc14-qc1308.qasm:6,126: 'c3sx' is not defined in this scope"""
veriqbench/combinational/rev_circuit/rd53d1-n7-gc11-qc96.qasm,7,"qiskit.qasm2.exceptions.QASM2ParseError: ""rd53d1-n7-gc11-qc96.qasm:5,126: 'c3sx' is not defined in this scope"""
veriqbench/combinational/rev_circuit/rd53d1.qasm,7,"qiskit.qasm2.exceptions.QASM2ParseError: ""rd53d1.qasm:5,126: 'c3sx' is not defined in this scope"""
veriqbench/combinational/rev_circuit/rd53d1-n7-gc12-qc82.qasm,7,"qiskit.qasm2.exceptions.QASM2ParseError: ""rd53d1-n7-gc12-qc82.qasm:6,142: 'c3sx' is not defined in this scope"""
veriqbench/combinational/rev_circuit/rd53d1-n7-gc12-qc95.qasm,7,"qiskit.qasm2.exceptions.QASM2ParseError: ""rd53d1-n7-gc12-qc95.qasm:5,126: 'c3sx' is not defined in this scope"""
veriqbench/combinational/rev_circuit/rd53d1mils.qasm,7,"qiskit.qasm2.exceptions.QASM2ParseError: ""rd53d1mils.qasm:6,142: 'c3sx' is not defined in this scope"""
veriqbench/combinational/rev_circuit/rd53rcmg.qasm,7,"qiskit.qasm2.exceptions.QASM2ParseError: ""rd53rcmg.qasm:5,126: 'c3sx' is not defined in this scope"""
veriqbench/combinational/rev_circuit/rd53d15.qasm,7,"qiskit.qasm2.exceptions.QASM2ParseError: ""rd53d15.qasm:5,126: 'c3sx' is not defined in this scope"""
veriqbench/combinational/rev_circuit/symmetric_6-n7-gc41-qc206.qasm,7,"qiskit.qasm2.exceptions.QASM2ParseError: ""symmetric_6-n7-gc41-qc206.qasm:6,126: 'c3sx' is not defined in this scope"""
veriqbench/combinational/rev_circuit/hwb7tc.qasm,7,"qiskit.qasm2.exceptions.QASM2ParseError: ""hwb7tc.qasm:4,0: 'mcu1' is already defined"""
veriqbench/combinational/rev_circuit/hwb7_fc.qasm,7,"qiskit.qasm2.exceptions.QASM2ParseError: ""hwb7_fc.qasm:6,0: 'mcu1' is already defined"""
veriqbench/combinational/rev_circuit/hwb7-331-2609a.qasm,7,"qiskit.qasm2.exceptions.QASM2ParseError: ""hwb7-331-2609a.qasm:4,0: 'mcu1' is already defined"""
veriqbench/combinational/rev_circuit/nth_prime07_inc-n7-gc440-qc10989.qasm,7,"qiskit.qasm2.exceptions.QASM2ParseError: ""nth_prime07_inc-n7-gc440-qc10989.qasm:4,0: 'mcu1' is already defined"""
veriqbench/combinational/rev_circuit/nth_prime07_inc-n7-gc489-qc10898.qasm,7,"qiskit.qasm2.exceptions.QASM2ParseError: ""nth_prime07_inc-n7-gc489-qc10898.qasm:4,0: 'mcu1' is already defined"""
veriqbench/combinational/rev_circuit/hwb07-n7-gc612-qc1737.qasm,7,"qiskit.qasm2.exceptions.QASM2ParseError: ""hwb07-n7-gc612-qc1737.qasm:5,126: 'c3sx' is not defined in this scope"""
veriqbench/combinational/rev_circuit/nth_prime07_inc-n7-gc839-qc2284.qasm,7,"qiskit.qasm2.exceptions.QASM2ParseError: ""nth_prime07_inc-n7-gc839-qc2284.qasm:7,142: 'c3sx' is not defined in this scope"""
veriqbench/combinational/rev_circuit/nth_prime08_inc-n8-gc986-qc10227.qasm,8,"qiskit.qasm2.exceptions.QASM2ParseError: ""nth_prime08_inc-n8-gc986-qc10227.qasm:4,0: 'mcu1' is already defined"""
veriqbench/combinational/rev_circuit/nth_prime08_inc-n8-gc1692-qc6339.qasm,8,"qiskit.qasm2.exceptions.QASM2ParseError: ""nth_prime08_inc-n8-gc1692-qc6339.qasm:6,0: 'mcu1' is already defined"""
veriqbench/combinational/rev_circuit/hwb8_2710_6940.qasm,8,"qiskit.qasm2.exceptions.QASM2ParseError: ""hwb8_2710_6940.qasm:4,0: 'mcu1' is already defined"""
veriqbench/combinational/rev_circuit/nth_prime8_inc_3346_7618.qasm,8,"qiskit.qasm2.exceptions.QASM2ParseError: ""nth_prime8_inc_3346_7618.qasm:6,126: 'c3sx' is not defined in this scope"""
veriqbench/combinational/rev_circuit/rd73d2-n9-gc296-qc43421.qasm,9,"qiskit.qasm2.exceptions.QASM2ParseError: ""rd73d2-n9-gc296-qc43421.qasm:6,0: 'mcu1' is already defined"""
veriqbench/combinational/rev_circuit/hwb9-1541.qasm,9,"qiskit.qasm2.exceptions.QASM2ParseError: ""hwb9-1541.qasm:4,0: 'mcu1' is already defined"""
veriqbench/combinational/rev_circuit/rd73d2-n9-gc835-qc4069.qasm,9,"qiskit.qasm2.exceptions.QASM2ParseError: ""rd73d2-n9-gc835-qc4069.qasm:6,0: 'mcu1' is already defined"""
veriqbench/combinational/rev_circuit/hwb9-1959-20378a.qasm,9,"qiskit.qasm2.exceptions.QASM2ParseError: ""hwb9-1959-20378a.qasm:4,0: 'mcu1' is already defined"""
veriqbench/combinational/rev_circuit/hwb09-n9-gc4014-qc12293.qasm,9,"qiskit.qasm2.exceptions.QASM2ParseError: ""hwb09-n9-gc4014-qc12293.qasm:6,0: 'mcu1' is already defined"""
veriqbench/combinational/rev_circuit/symmetric_9-n10-gc74-qc31819.qasm,10,"qiskit.qasm2.exceptions.QASM2ParseError: ""symmetric_9-n10-gc74-qc31819.qasm:4,0: 'mcu1' is already defined"""
veriqbench/combinational/rev_circuit/symmetric_9-n10-gc73-qc61928.qasm,10,"qiskit.qasm2.exceptions.QASM2ParseError: ""symmetric_9-n10-gc73-qc61928.qasm:4,0: 'mcu1' is already defined"""
veriqbench/combinational/rev_circuit/symmetric_9-n10-gc347-qc1975.qasm,10,"qiskit.qasm2.exceptions.QASM2ParseError: ""symmetric_9-n10-gc347-qc1975.qasm:4,0: 'mcu1' is already defined"""
veriqbench/combinational/rev_circuit/nth_prime09_inc-n10-gc2234-qc22181.qasm,10,"qiskit.qasm2.exceptions.QASM2ParseError: ""nth_prime09_inc-n10-gc2234-qc22181.qasm:4,0: 'mcu1' is already defined"""
veriqbench/combinational/rev_circuit/nth_prime09_inc-n10-gc3956-qc19464.qasm,10,"qiskit.qasm2.exceptions.QASM2ParseError: ""nth_prime09_inc-n10-gc3956-qc19464.qasm:4,0: 'mcu1' is already defined"""
veriqbench/combinational/rev_circuit/hwb10-4540-46597a.qasm,10,"qiskit.qasm2.exceptions.QASM2ParseError: ""hwb10-4540-46597a.qasm:4,0: 'mcu1' is already defined"""
veriqbench/combinational/rev_circuit/rd84d1-n11-gc679-qc359384.qasm,11,"qiskit.qasm2.exceptions.QASM2ParseError: ""rd84d1-n11-gc679-qc359384.qasm:6,0: 'mcu1' is already defined"""
veriqbench/combinational/rev_circuit/rd84d1-n11-gc2560-qc12397.qasm,11,"qiskit.qasm2.exceptions.QASM2ParseError: ""rd84d1-n11-gc2560-qc12397.qasm:4,0: 'mcu1' is already defined"""
veriqbench/combinational/rev_circuit/cycle10_2.qasm,12,"qiskit.qasm2.exceptions.QASM2ParseError: ""cycle10_2.qasm:6,0: 'mcu1' is already defined"""
veriqbench/combinational/rev_circuit/hwb8ps.qasm,12,"qiskit.qasm2.exceptions.QASM2ParseError: ""hwb8ps.qasm:6,142: 'c3sx' is not defined in this scope"""
veriqbench/combinational/rev_circuit/hwb9ps.qasm,13,"qiskit.qasm2.exceptions.QASM2ParseError: ""hwb9ps.qasm:6,142: 'c3sx' is not defined in this scope"""
veriqbench/combinational/rev_circuit/hwb10ps.qasm,14,"qiskit.qasm2.exceptions.QASM2ParseError: ""hwb10ps.qasm:6,142: 'c3sx' is not defined in this scope"""
veriqbench/combinational/rev_circuit/ham15tc1.qasm,15,"qiskit.qasm2.exceptions.QASM2ParseError: ""ham15tc1.qasm:6,0: 'mcu1' is already defined"""
veriqbench/combinational/rev_circuit/hwb11ps.qasm,15,"qiskit.qasm2.exceptions.QASM2ParseError: ""hwb11ps.qasm:6,142: 'c3sx' is not defined in this scope"""
veriqbench/combinational/rev_circuit/hwb12ps.qasm,16,"qiskit.qasm2.exceptions.QASM2ParseError: ""hwb12ps.qasm:6,142: 'c3sx' is not defined in this scope"""
veriqbench/combinational/rev_circuit/hwb13ps.qasm,17,"qiskit.qasm2.exceptions.QASM2ParseError: ""hwb13ps.qasm:6,142: 'c3sx' is not defined in this scope"""
veriqbench/combinational/rev_circuit/hwb14ps.qasm,18,"qiskit.qasm2.exceptions.QASM2ParseError: ""hwb14ps.qasm:6,142: 'c3sx' is not defined in this scope"""
veriqbench/combinational/rev_circuit/hwb15ps.qasm,19,"qiskit.qasm2.exceptions.QASM2ParseError: ""hwb15ps.qasm:6,142: 'c3sx' is not defined in this scope"""
veriqbench/combinational/rev_circuit/mod1024adder.qasm,20,"qiskit.qasm2.exceptions.QASM2ParseError: ""mod1024adder.qasm:4,0: 'mcu1' is already defined"""
veriqbench/combinational/rev_circuit/hwb16ps.qasm,21,"qiskit.qasm2.exceptions.QASM2ParseError: ""hwb16ps.qasm:7,142: 'c3sx' is not defined in this scope"""
veriqbench/combinational/rev_circuit/hwb20ps.qasm,25,"qiskit.qasm2.exceptions.QASM2ParseError: ""hwb20ps.qasm:7,142: 'c3sx' is not defined in this scope"""
veriqbench/combinational/rev_circuit/hwb50ps.qasm,56,"qiskit.qasm2.exceptions.QASM2ParseError: ""hwb50ps.qasm:4,0: 'mcu1' is already defined"""
veriqbench/combinational/rev_circuit/hwb100ps.qasm,107,"qiskit.qasm2.exceptions.QASM2ParseError: ""hwb100ps.qasm:4,0: 'mcu1' is already defined"""
