circuit,job_id,criterion_qubit,P_full_1,P_slice_1,TVD,marginal_preserved
d8tjus4t,job-d8tjus4tqbtc73d0h6eg,3,0.5088,0.5103,0.0015,True
teleport,job-d8tle4cbp3hs7384o660,0,0.4927,0.4941,0.0015,True
d8tje2kb,job-d8tje2kbp3hs7384lmc0,1,0.9685,0.9702,0.0017,True
wstate-T,job-d8tje0lposuc738orbo0,1,0.5022,0.5002,0.002,True
d8tjuvkb,job-d8tjuvkbp3hs7384mci0,2,0.98,0.9824,0.0024,True
d8tjv1cb,job-d8tjv1cbp3hs7384mcl0,2,0.9771,0.9829,0.0059,True
d8tjlulp,job-d8tjlulposuc738orlm0,0,0.4929,0.4998,0.0068,True
d8tjunkb,job-d8tjunkbp3hs7384mc80,0,0.5115,0.5042,0.0073,True
teleport-T,job-d8tle6dposuc738otpp0,0,0.4783,0.4861,0.0078,True
d8tjm2cb,job-d8tjm2cbp3hs7384m17g,3,0.5146,0.5,0.0146,True
d8tjuq5p,job-d8tjuq5posuc738os0q0,0,0.5103,0.491,0.0193,True
d8tje4kb,job-d8tje4kbp3hs7384lmeg,1,0.4792,0.4988,0.0195,True
d8tjutsb,job-d8tjutsbp3hs7384mcg0,3,0.4958,0.5159,0.02,True
d8tjm0cb,job-d8tjm0cbp3hs7384m14g,0,0.5046,0.4822,0.0225,True
d8tledct,job-d8tledctqbtc73d0ivb0,0,0.3838,0.3474,0.0364,True
wstate,job-d8tle2ktqbtc73d0iuu0,0,0.3862,0.3389,0.0474,True
qaoa-T,job-d8tlea4tqbtc73d0iv70,0,0.4905,0.0,0.4905,False
qaoa,job-d8tle84bp3hs7384o6cg,0,0.491,0.0,0.491,False
