rq,comparison,metric,method,baseline,n_method,n_baseline,mean_method,mean_baseline,median_method,median_baseline,estimate_name,estimate,ci95_low,ci95_high,test_used,test_statistic,p_raw,p_corrected,multiple_comparison_correction,correction_family_size,effect_size_name,effect_size,assumption_check,test_reason
RQ1,QPDG vs Naive classical PDG,invalid_slice_rate,QPDG,Naive classical PDG,792,792,0.0,0.4235209235209235,0.0,0.0,mean_difference_method_minus_baseline,-0.4235209235209235,-0.455632215007215,-0.39014926046176046,Wilcoxon signed-rank,0.0,6.649283472233978e-74,6.649283472233978e-74,Holm-Bonferroni not applied (pre-specified comparisons reported individually),1,standardized_or_rank_effect,-0.8627318978150178,Non-parametric or descriptive finite-sample test selected automatically.,Primary pre-specified QPDG comparison.
RQ1,QPDG vs Causal classical PDG,invalid_slice_rate,QPDG,Causal classical PDG,792,792,0.0,0.0,0.0,0.0,mean_difference_method_minus_baseline,0.0,0.0,0.0,descriptive mean difference,0.0,1.0,1.0,Holm-Bonferroni not applied (pre-specified comparisons reported individually),1,standardized_or_rank_effect,0.0,Non-parametric or descriptive finite-sample test selected automatically.,Primary pre-specified QPDG comparison.
RQ1,QPDG vs Naive classical PDG,target_state_fidelity,QPDG,Naive classical PDG,792,792,0.9999999999859538,0.7658660879163395,1.0,1.0,mean_difference_method_minus_baseline,0.23413391206961431,0.21047762012300641,0.25716573333928416,Wilcoxon signed-rank,0.0,2.580798191050069e-60,2.580798191050069e-60,Holm-Bonferroni not applied (pre-specified comparisons reported individually),1,standardized_or_rank_effect,0.7125889645517807,Non-parametric or descriptive finite-sample test selected automatically.,Primary pre-specified QPDG comparison.
RQ1,QPDG vs Causal classical PDG,target_state_fidelity,QPDG,Causal classical PDG,792,792,0.9999999999859538,1.0,1.0,1.0,mean_difference_method_minus_baseline,-1.4046208640650093e-11,-2.562542476194161e-11,-4.948468262540549e-12,Wilcoxon signed-rank,21.0,0.00013698746237404387,0.00013698746237404387,Holm-Bonferroni not applied (pre-specified comparisons reported individually),1,standardized_or_rank_effect,-0.09240233635292507,Non-parametric or descriptive finite-sample test selected automatically.,Primary pre-specified QPDG comparison.
RQ2,QPDG vs Causal classical PDG,slice_size_fraction_of_ops,QPDG,Causal classical PDG,792,792,0.4360221540560293,0.7572520575463098,0.39009661835748793,1.0,mean_difference_method_minus_baseline,-0.32122990349028047,-0.3412079001459912,-0.3018610950440105,Wilcoxon signed-rank,0.0,3.310112190915766e-88,3.310112190915766e-88,Holm-Bonferroni not applied (pre-specified comparisons reported individually),1,standardized_or_rank_effect,-1.103919409277782,Non-parametric or descriptive finite-sample test selected automatically.,Primary pre-specified QPDG comparison.
RQ3,QPDG vs Naive classical PDG,forward_influence_completeness,QPDG,Naive classical PDG,792,792,1.0,0.6982368195502852,1.0,1.0,mean_difference_method_minus_baseline,0.30176318044971484,0.27482651970166727,0.3297951634304016,Wilcoxon signed-rank,0.0,6.563198255068063e-53,6.563198255068063e-53,Holm-Bonferroni not applied (pre-specified comparisons reported individually),1,standardized_or_rank_effect,0.7553925662279457,Non-parametric or descriptive finite-sample test selected automatically.,Primary pre-specified QPDG comparison.
RQ3,QPDG vs Causal classical PDG,forward_influence_completeness,QPDG,Causal classical PDG,792,792,1.0,1.0,1.0,1.0,mean_difference_method_minus_baseline,0.0,0.0,0.0,descriptive mean difference,0.0,1.0,1.0,Holm-Bonferroni not applied (pre-specified comparisons reported individually),1,standardized_or_rank_effect,0.0,Non-parametric or descriptive finite-sample test selected automatically.,Primary pre-specified QPDG comparison.
RQ3,QPDG vs Naive classical PDG,forward_incomplete_rate,QPDG,Naive classical PDG,792,792,0.0,0.30176318044971484,0.0,0.0,mean_difference_method_minus_baseline,-0.30176318044971484,-0.32979516343040166,-0.27482651970166727,Wilcoxon signed-rank,0.0,6.563198255068063e-53,6.563198255068063e-53,Holm-Bonferroni not applied (pre-specified comparisons reported individually),1,standardized_or_rank_effect,-0.7553925662279457,Non-parametric or descriptive finite-sample test selected automatically.,Primary pre-specified QPDG comparison.
RQ1,Causal classical PDG descriptive,forward_incomplete_rate,Causal classical PDG,,1,,0.0,,0.0,,mean,0.0,0.0,0.0,descriptive,,,,,,,,,Descriptive method summary from finite observations.
RQ1,Naive classical PDG descriptive,forward_incomplete_rate,Naive classical PDG,,1,,0.29839806813328973,,0.29839806813328973,,mean,0.29839806813328973,0.29839806813328973,0.29839806813328973,descriptive,,,,,,,,,Descriptive method summary from finite observations.
RQ1,QPDG descriptive,forward_incomplete_rate,QPDG,,1,,0.0,,0.0,,mean,0.0,0.0,0.0,descriptive,,,,,,,,,Descriptive method summary from finite observations.
RQ1,Causal classical PDG descriptive,forward_influence_completeness,Causal classical PDG,,1,,1.0,,1.0,,mean,1.0,1.0,1.0,descriptive,,,,,,,,,Descriptive method summary from finite observations.
RQ1,Naive classical PDG descriptive,forward_influence_completeness,Naive classical PDG,,1,,0.7016019318667103,,0.7016019318667103,,mean,0.7016019318667103,0.7016019318667103,0.7016019318667103,descriptive,,,,,,,,,Descriptive method summary from finite observations.
RQ1,QPDG descriptive,forward_influence_completeness,QPDG,,1,,1.0,,1.0,,mean,1.0,1.0,1.0,descriptive,,,,,,,,,Descriptive method summary from finite observations.
RQ1,Causal classical PDG descriptive,invalid_slice_rate,Causal classical PDG,,813,,0.0,,0.0,,mean,0.0,0.0,0.0,descriptive,,,,,,,,,Descriptive method summary from finite observations.
RQ1,Naive classical PDG descriptive,invalid_slice_rate,Naive classical PDG,,813,,0.4285714285714286,,0.0,,mean,0.4285714285714286,0.39413108416798454,0.46249341064839217,descriptive,,,,,,,,,Descriptive method summary from finite observations.
RQ1,QPDG descriptive,invalid_slice_rate,QPDG,,813,,0.0,,0.0,,mean,0.0,0.0,0.0,descriptive,,,,,,,,,Descriptive method summary from finite observations.
RQ1,Causal classical PDG descriptive,slice_size_fraction_of_ops,Causal classical PDG,,813,,0.7576517863517221,,1.0,,mean,0.7576517863517221,0.7303894348145231,0.7829465359997377,descriptive,,,,,,,,,Descriptive method summary from finite observations.
RQ1,Naive classical PDG descriptive,slice_size_fraction_of_ops,Naive classical PDG,,813,,0.30712491667235126,,0.25,,mean,0.30712491667235126,0.2922621133463733,0.32185816253943234,descriptive,,,,,,,,,Descriptive method summary from finite observations.
RQ1,QPDG descriptive,slice_size_fraction_of_ops,QPDG,,813,,0.4325189915545706,,0.3809523809523809,,mean,0.4325189915545706,0.41271553710707215,0.45237784831649475,descriptive,,,,,,,,,Descriptive method summary from finite observations.
RQ1,Causal classical PDG descriptive,target_state_fidelity,Causal classical PDG,,813,,1.0,,1.0,,mean,1.0,1.0,1.0,descriptive,,,,,,,,,Descriptive method summary from finite observations.
RQ1,Naive classical PDG descriptive,target_state_fidelity,Naive classical PDG,,813,,0.7618687268918503,,1.0,,mean,0.7618687268918503,0.7383869705100955,0.7842490536970308,descriptive,,,,,,,,,Descriptive method summary from finite observations.
RQ1,QPDG descriptive,target_state_fidelity,QPDG,,813,,0.9999999999863166,,1.0,,mean,0.9999999999863166,0.999999999974814,0.9999999999951328,descriptive,,,,,,,,,Descriptive method summary from finite observations.
RQ2,Causal classical PDG descriptive,forward_incomplete_rate,Causal classical PDG,,1,,0.0,,0.0,,mean,0.0,0.0,0.0,descriptive,,,,,,,,,Descriptive method summary from finite observations.
RQ2,Naive classical PDG descriptive,forward_incomplete_rate,Naive classical PDG,,1,,0.29839806813328973,,0.29839806813328973,,mean,0.29839806813328973,0.29839806813328973,0.29839806813328973,descriptive,,,,,,,,,Descriptive method summary from finite observations.
RQ2,QPDG descriptive,forward_incomplete_rate,QPDG,,1,,0.0,,0.0,,mean,0.0,0.0,0.0,descriptive,,,,,,,,,Descriptive method summary from finite observations.
RQ2,Causal classical PDG descriptive,forward_influence_completeness,Causal classical PDG,,1,,1.0,,1.0,,mean,1.0,1.0,1.0,descriptive,,,,,,,,,Descriptive method summary from finite observations.
RQ2,Naive classical PDG descriptive,forward_influence_completeness,Naive classical PDG,,1,,0.7016019318667103,,0.7016019318667103,,mean,0.7016019318667103,0.7016019318667103,0.7016019318667103,descriptive,,,,,,,,,Descriptive method summary from finite observations.
RQ2,QPDG descriptive,forward_influence_completeness,QPDG,,1,,1.0,,1.0,,mean,1.0,1.0,1.0,descriptive,,,,,,,,,Descriptive method summary from finite observations.
RQ2,Causal classical PDG descriptive,invalid_slice_rate,Causal classical PDG,,813,,0.0,,0.0,,mean,0.0,0.0,0.0,descriptive,,,,,,,,,Descriptive method summary from finite observations.
RQ2,Naive classical PDG descriptive,invalid_slice_rate,Naive classical PDG,,813,,0.4285714285714286,,0.0,,mean,0.4285714285714286,0.39413108416798454,0.46249341064839217,descriptive,,,,,,,,,Descriptive method summary from finite observations.
RQ2,QPDG descriptive,invalid_slice_rate,QPDG,,813,,0.0,,0.0,,mean,0.0,0.0,0.0,descriptive,,,,,,,,,Descriptive method summary from finite observations.
RQ2,QPDG descriptive,mean_slice_size_reduction,QPDG,,793,,0.32123482516910373,,0.3333333333333333,,mean,0.32123482516910373,0.30187037105165776,0.34180971651100056,descriptive,,,,,,,,,Descriptive method summary from finite observations.
RQ2,Causal classical PDG descriptive,slice_size_fraction_of_ops,Causal classical PDG,,813,,0.7576517863517221,,1.0,,mean,0.7576517863517221,0.7303894348145231,0.7829465359997377,descriptive,,,,,,,,,Descriptive method summary from finite observations.
RQ2,Naive classical PDG descriptive,slice_size_fraction_of_ops,Naive classical PDG,,813,,0.30712491667235126,,0.25,,mean,0.30712491667235126,0.2922621133463733,0.32185816253943234,descriptive,,,,,,,,,Descriptive method summary from finite observations.
RQ2,QPDG descriptive,slice_size_fraction_of_ops,QPDG,,813,,0.4325189915545706,,0.3809523809523809,,mean,0.4325189915545706,0.41271553710707215,0.45237784831649475,descriptive,,,,,,,,,Descriptive method summary from finite observations.
RQ2,Causal classical PDG descriptive,target_state_fidelity,Causal classical PDG,,813,,1.0,,1.0,,mean,1.0,1.0,1.0,descriptive,,,,,,,,,Descriptive method summary from finite observations.
RQ2,Naive classical PDG descriptive,target_state_fidelity,Naive classical PDG,,813,,0.7618687268918503,,1.0,,mean,0.7618687268918503,0.7383869705100955,0.7842490536970308,descriptive,,,,,,,,,Descriptive method summary from finite observations.
RQ2,QPDG descriptive,target_state_fidelity,QPDG,,813,,0.9999999999863166,,1.0,,mean,0.9999999999863166,0.999999999974814,0.9999999999951328,descriptive,,,,,,,,,Descriptive method summary from finite observations.
RQ3,Causal classical PDG descriptive,forward_incomplete_rate,Causal classical PDG,,813,,0.0,,0.0,,mean,0.0,0.0,0.0,descriptive,,,,,,,,,Descriptive method summary from finite observations.
RQ3,Naive classical PDG descriptive,forward_incomplete_rate,Naive classical PDG,,813,,0.29839806813328984,,0.0,,mean,0.29839806813328984,0.2724078353152305,0.32603587568301584,descriptive,,,,,,,,,Descriptive method summary from finite observations.
RQ3,QPDG descriptive,forward_incomplete_rate,QPDG,,813,,0.0,,0.0,,mean,0.0,0.0,0.0,descriptive,,,,,,,,,Descriptive method summary from finite observations.
RQ3,Causal classical PDG descriptive,forward_influence_completeness,Causal classical PDG,,813,,1.0,,1.0,,mean,1.0,1.0,1.0,descriptive,,,,,,,,,Descriptive method summary from finite observations.
RQ3,Naive classical PDG descriptive,forward_influence_completeness,Naive classical PDG,,813,,0.7016019318667102,,1.0,,mean,0.7016019318667102,0.6739641243169839,0.7275921646847694,descriptive,,,,,,,,,Descriptive method summary from finite observations.
RQ3,QPDG descriptive,forward_influence_completeness,QPDG,,813,,1.0,,1.0,,mean,1.0,1.0,1.0,descriptive,,,,,,,,,Descriptive method summary from finite observations.
RQ3,Causal classical PDG descriptive,invalid_slice_rate,Causal classical PDG,,1,,0.0,,0.0,,mean,0.0,0.0,0.0,descriptive,,,,,,,,,Descriptive method summary from finite observations.
RQ3,Naive classical PDG descriptive,invalid_slice_rate,Naive classical PDG,,1,,0.42857142857142855,,0.42857142857142855,,mean,0.42857142857142855,0.42857142857142855,0.42857142857142855,descriptive,,,,,,,,,Descriptive method summary from finite observations.
RQ3,QPDG descriptive,invalid_slice_rate,QPDG,,1,,0.0,,0.0,,mean,0.0,0.0,0.0,descriptive,,,,,,,,,Descriptive method summary from finite observations.
RQ3,Causal classical PDG descriptive,slice_size_fraction_of_ops,Causal classical PDG,,1,,0.7576517863517221,,0.7576517863517221,,mean,0.7576517863517221,0.7576517863517221,0.7576517863517221,descriptive,,,,,,,,,Descriptive method summary from finite observations.
RQ3,Naive classical PDG descriptive,slice_size_fraction_of_ops,Naive classical PDG,,1,,0.3071249166723513,,0.3071249166723513,,mean,0.3071249166723513,0.3071249166723513,0.3071249166723513,descriptive,,,,,,,,,Descriptive method summary from finite observations.
RQ3,QPDG descriptive,slice_size_fraction_of_ops,QPDG,,1,,0.4325189915545706,,0.4325189915545706,,mean,0.4325189915545706,0.4325189915545706,0.4325189915545706,descriptive,,,,,,,,,Descriptive method summary from finite observations.
RQ3,Causal classical PDG descriptive,target_state_fidelity,Causal classical PDG,,1,,1.0,,1.0,,mean,1.0,1.0,1.0,descriptive,,,,,,,,,Descriptive method summary from finite observations.
RQ3,Naive classical PDG descriptive,target_state_fidelity,Naive classical PDG,,1,,0.7618687268918503,,0.7618687268918503,,mean,0.7618687268918503,0.7618687268918503,0.7618687268918503,descriptive,,,,,,,,,Descriptive method summary from finite observations.
RQ3,QPDG descriptive,target_state_fidelity,QPDG,,1,,0.9999999999863167,,0.9999999999863167,,mean,0.9999999999863167,0.9999999999863167,0.9999999999863167,descriptive,,,,,,,,,Descriptive method summary from finite observations.
