rq,method,corpus,invalid_slice_rate,target_state_fidelity,slice_size_fraction_of_ops,forward_influence_completeness
RQ1,QPDG,ALL,0.0,0.9999999999863167,0.4325189915545706,1.0
RQ1,Naive classical PDG (def-use port),ALL,0.42857142857142855,0.7618687268918503,0.3071249166723513,0.7016019318667103
RQ1,Causal classical PDG (data+control light cone),ALL,0.0,1.0,0.7576517863517221,1.0
RQ2,QPDG,ALL,0.0,0.9999999999863167,0.4325189915545706,1.0
RQ2,Naive classical PDG (def-use port),ALL,0.42857142857142855,0.7618687268918503,0.3071249166723513,0.7016019318667103
RQ2,Causal classical PDG (data+control light cone),ALL,0.0,1.0,0.7576517863517221,1.0
RQ3,QPDG,ALL,0.0,0.9999999999863167,0.4325189915545706,1.0
RQ3,Naive classical PDG (def-use port),ALL,0.42857142857142855,0.7618687268918503,0.3071249166723513,0.7016019318667103
RQ3,Causal classical PDG (data+control light cone),ALL,0.0,1.0,0.7576517863517221,1.0
