corpus,circuit,path,n_qubits,n_instructions_prepared,status,build_ms,prune_total_ms,prune_max_ms,n_criteria,peak_rss_mb
QASMBench,deutsch_n2,qasmbench/small/deutsch_n2.qasm,2,5,completed,0.303,5.915,3.988,2,71.9
QASMBench,ipea_n2,qasmbench/small/ipea_n2.qasm,2,40,completed,1.694,11.778,6.328,2,72.6
QASMBench,iswap_n2,qasmbench/small/iswap_n2.qasm,2,9,completed,0.248,9.407,5.398,2,71.4
QASMBench,quantumwalks_n2,qasmbench/small/quantumwalks_n2.qasm,2,11,completed,0.295,9.28,5.195,2,71.5
QASMBench,grover_n2,qasmbench/small/grover_n2.qasm,2,16,completed,0.399,11.83,6.959,2,71.6
QASMBench,wstate_n3,qasmbench/small/wstate_n3.qasm,3,6,completed,0.194,21.963,9.254,3,70.9
QASMBench,teleportation_n3,qasmbench/small/teleportation_n3.qasm,3,8,completed,0.339,18.676,9.498,3,72.3
QASMBench,qaoa_n3,qasmbench/small/qaoa_n3.qasm,3,15,completed,0.425,24.958,10.414,3,71.5
QASMBench,toffoli_n3,qasmbench/small/toffoli_n3.qasm,3,18,completed,0.935,32.894,14.512,3,72.3
QASMBench,fredkin_n3,qasmbench/small/fredkin_n3.qasm,3,19,completed,0.606,41.939,15.611,3,72.0
QASMBench,linearsolver_n3,qasmbench/small/linearsolver_n3.qasm,3,19,completed,0.708,26.877,10.54,3,72.3
QASMBench,basis_change_n3,qasmbench/small/basis_change_n3.qasm,3,33,completed,1.24,113.608,52.787,3,72.1
QASMBench,cat_state_n4,qasmbench/small/cat_state_n4.qasm,4,4,completed,0.161,10.424,4.217,4,71.3
QASMBench,inverseqft_n4,qasmbench/small/inverseqft_n4.qasm,4,17,completed,0.511,3.201,1.363,4,71.6
QASMBench,qrng_n4,qasmbench/small/qrng_n4.qasm,4,4,completed,0.135,4.497,1.725,4,70.9
QASMBench,qft_n4,qasmbench/small/qft_n4.qasm,4,12,completed,0.514,40.164,13.48,4,71.7
QASMBench,adder_n4,qasmbench/small/adder_n4.qasm,4,23,completed,0.772,76.915,22.588,4,72.2
QASMBench,hs4_n4,qasmbench/small/hs4_n4.qasm,4,28,completed,0.841,33.115,9.963,4,71.6
QASMBench,bell_n4,qasmbench/small/bell_n4.qasm,4,33,completed,1.28,58.891,17.308,4,72.2
QASMBench,variational_n4,qasmbench/small/variational_n4.qasm,4,54,completed,3.603,218.206,68.636,4,73.5
QASMBench,vqe_n4,qasmbench/small/vqe_n4.qasm,4,89,completed,6.642,615.284,211.667,4,76.3
QASMBench,basis_test_n4,qasmbench/small/basis_test_n4.qasm,4,98,completed,8.29,1503.27,424.332,4,78.0
QASMBench,qec_sm_n5,qasmbench/small/qec_sm_n5.qasm,5,7,completed,0.265,2.936,0.871,5,71.4
QASMBench,pea_n5,qasmbench/small/pea_n5.qasm,5,29,completed,1.183,1492.057,482.478,5,83.4
QASMBench,lpn_n5,qasmbench/small/lpn_n5.qasm,5,11,completed,0.246,13.98,4.491,5,70.7
QASMBench,shor_n5,qasmbench/small/shor_n5.qasm,5,24,completed,1.22,8.117,2.043,5,71.0
QASMBench,qec_en_n5,qasmbench/small/qec_en_n5.qasm,5,25,completed,1.381,149.931,50.249,5,72.1
QASMBench,error_correctiond3_n5,qasmbench/small/error_correctiond3_n5.qasm,5,114,completed,12.402,1562.733,393.699,5,80.0
QASMBench,simon_n6,qasmbench/small/simon_n6.qasm,6,16,completed,0.323,38.47,10.964,6,71.2
QASMBench,sat_n7,qasmbench/small/sat_n7.qasm,7,40,completed,0.607,202.2,52.39,7,72.1
QASMBench,bb84_n8,qasmbench/small/bb84_n8.qasm,8,35,completed,0.487,13.419,2.219,8,71.7
QASMBench,qpe_n9,qasmbench/small/qpe_n9.qasm,9,33,completed,3.677,317.597,63.195,9,73.5
QASMBench,adder_n10,qasmbench/small/adder_n10.qasm,10,14,completed,0.328,457.089,55.155,10,75.7
QASMBench,seca_n11,qasmbench/medium/seca_n11.qasm,11,72,completed,5.421,211.66,25.031,11,76.6
QASMBench,sat_n11,qasmbench/medium/sat_n11.qasm,11,91,completed,1.33,2040.981,393.491,11,76.2
QASMBench,cc_n12,qasmbench/medium/cc_n12.qasm,12,48,completed,4.096,102.082,11.925,12,74.4
QASMBench,multiply_n13,qasmbench/medium/multiply_n13.qasm,13,14,completed,0.333,367.997,44.994,13,79.8
QASMBench,bv_n14,qasmbench/medium/bv_n14.qasm,14,41,completed,3.321,1572.643,171.003,14,95.3
MQT Bench,ghz_n3,mqtbench/ghz_n3.qasm,3,3,completed,0.242,6.573,4.058,3,71.6
MQT Bench,grover_n3,mqtbench/grover_n3.qasm,3,4,completed,0.185,48.407,16.765,3,71.8
MQT Bench,qftentangled_n3,mqtbench/qftentangled_n3.qasm,3,4,completed,0.163,16.06,8.702,3,71.8
MQT Bench,bv_n3,mqtbench/bv_n3.qasm,3,6,completed,0.181,5.999,2.76,3,71.5
MQT Bench,dj_n3,mqtbench/dj_n3.qasm,3,7,completed,0.173,22.094,9.148,3,71.9
MQT Bench,graphstate_n3,mqtbench/graphstate_n3.qasm,3,6,completed,0.193,12.02,4.852,3,71.6
MQT Bench,wstate_n3,mqtbench/wstate_n3.qasm,3,9,completed,0.27,20.139,7.604,3,71.8
MQT Bench,ghz_n4,mqtbench/ghz_n4.qasm,4,4,completed,0.179,10.835,5.236,4,71.0
MQT Bench,grover_n4,mqtbench/grover_n4.qasm,4,6,completed,0.168,253.135,78.774,4,73.9
MQT Bench,qftentangled_n4,mqtbench/qftentangled_n4.qasm,4,5,completed,0.507,33.736,13.556,4,72.0
MQT Bench,bv_n4,mqtbench/bv_n4.qasm,4,8,completed,0.213,9.967,3.134,4,71.4
MQT Bench,dj_n4,mqtbench/dj_n4.qasm,4,9,completed,0.193,43.777,12.768,4,72.0
MQT Bench,graphstate_n4,mqtbench/graphstate_n4.qasm,4,8,completed,0.242,22.046,7.157,4,71.4
MQT Bench,wstate_n4,mqtbench/wstate_n4.qasm,4,13,completed,0.708,46.98,16.897,4,71.4
MQT Bench,ghz_n5,mqtbench/ghz_n5.qasm,5,5,completed,0.191,18.592,7.371,5,71.3
MQT Bench,grover_n5,mqtbench/grover_n5.qasm,5,8,completed,0.203,1373.524,294.515,5,79.1
MQT Bench,qftentangled_n5,mqtbench/qftentangled_n5.qasm,5,6,completed,0.221,65.728,21.411,5,73.1
MQT Bench,dj_n5,mqtbench/dj_n5.qasm,5,11,completed,0.214,69.087,14.775,5,72.9
MQT Bench,graphstate_n5,mqtbench/graphstate_n5.qasm,5,10,completed,0.323,36.772,10.575,5,72.0
MQT Bench,bv_n5,mqtbench/bv_n5.qasm,5,11,completed,0.258,16.242,4.743,5,71.3
MQT Bench,wstate_n5,mqtbench/wstate_n5.qasm,5,17,completed,0.529,70.647,22.371,5,71.5
MQT Bench,ghz_n8,mqtbench/ghz_n8.qasm,8,8,completed,0.344,53.865,14.23,8,71.6
MQT Bench,grover_n8,mqtbench/grover_n8.qasm,8,,not completed (time limit),,,,,213.9
MQT Bench,qftentangled_n8,mqtbench/qftentangled_n8.qasm,8,9,completed,0.379,2401.522,500.041,8,137.0
MQT Bench,dj_n8,mqtbench/dj_n8.qasm,8,17,completed,0.495,1593.179,211.452,8,138.8
MQT Bench,graphstate_n8,mqtbench/graphstate_n8.qasm,8,16,completed,0.745,96.162,15.425,8,72.9
MQT Bench,bv_n8,mqtbench/bv_n8.qasm,8,18,completed,0.361,44.778,9.498,8,72.4
MQT Bench,wstate_n8,mqtbench/wstate_n8.qasm,8,29,completed,1.376,260.402,56.463,8,73.4
MQT Bench,ghz_n10,mqtbench/ghz_n10.qasm,10,10,completed,0.389,90.004,18.935,10,72.3
MQT Bench,qftentangled_n10,mqtbench/qftentangled_n10.qasm,10,70,completed,8.305,804.039,128.327,10,77.7
MQT Bench,dj_n10,mqtbench/dj_n10.qasm,10,41,completed,1.893,324.514,56.301,10,75.1
MQT Bench,graphstate_n10,mqtbench/graphstate_n10.qasm,10,20,completed,0.796,120.239,21.306,10,73.2
MQT Bench,bv_n10,mqtbench/bv_n10.qasm,10,23,completed,0.577,74.217,12.329,10,72.5
MQT Bench,wstate_n10,mqtbench/wstate_n10.qasm,10,37,completed,1.925,665.134,134.25,10,75.2
MQT Bench,ghz_n14,mqtbench/ghz_n14.qasm,14,14,completed,0.659,690.613,131.978,14,92.2
MQT Bench,qftentangled_n14,mqtbench/qftentangled_n14.qasm,14,126,completed,21.222,7975.987,836.78,14,108.1
MQT Bench,dj_n14,mqtbench/dj_n14.qasm,14,55,completed,4.293,2423.138,295.788,14,94.1
MQT Bench,graphstate_n14,mqtbench/graphstate_n14.qasm,14,28,completed,1.985,569.86,55.57,14,92.1
MQT Bench,bv_n14,mqtbench/bv_n14.qasm,14,33,completed,1.242,496.015,78.497,14,91.0
MQT Bench,wstate_n14,mqtbench/wstate_n14.qasm,14,53,completed,3.532,4286.831,716.04,14,98.4
VeriQBench,rand_cliff_1_AG,veriqbench/combinational/rand_cliff/rand_cliff_1_AG.qasm,1,3,completed,0.149,1.853,1.853,1,71.6
VeriQBench,rand_cliff_1_GD,veriqbench/combinational/rand_cliff/rand_cliff_1_GD.qasm,1,3,completed,0.158,1.827,1.827,1,71.7
VeriQBench,dqc_qft_2,veriqbench/dynamic/qft/dqc_qft_2.qasm,2,4,completed,0.228,1.368,0.815,2,71.9
VeriQBench,qft_2,veriqbench/combinational/qft/qft_2.qasm,2,3,completed,0.204,4.253,2.405,2,71.6
VeriQBench,dqc_state_injection_S,veriqbench/dynamic/dqc_state_injection_S.qasm,2,5,completed,0.181,0.864,0.569,2,71.9
VeriQBench,dqc_state_injection_T,veriqbench/dynamic/dqc_state_injection_T.qasm,2,5,completed,0.199,0.938,0.615,2,71.0
VeriQBench,bv_2,veriqbench/combinational/bv/bv_2.qasm,2,6,completed,0.283,7.563,5.371,2,71.2
VeriQBench,rand_cliff_2_GD,veriqbench/combinational/rand_cliff/rand_cliff_2_GD.qasm,2,9,completed,0.313,8.932,5.047,2,71.4
VeriQBench,rand_cliff_2_AG,veriqbench/combinational/rand_cliff/rand_cliff_2_AG.qasm,2,11,completed,0.267,15.958,10.02,2,71.2
VeriQBench,quantum_volume_n2_d5_i0,veriqbench/combinational/qv/quantum_volume_n2_d5_i0.qasm,2,50,completed,2.604,39.975,20.195,2,72.3
VeriQBench,dqc_qft_3,veriqbench/dynamic/qft/dqc_qft_3.qasm,3,8,completed,0.347,2.144,0.952,3,71.1
VeriQBench,qft_3,veriqbench/combinational/qft/qft_3.qasm,3,6,completed,0.211,10.716,4.445,3,70.9
VeriQBench,dqc_pe_2,veriqbench/dynamic/pe/dqc_pe_2.qasm,3,8,completed,0.373,2.585,1.068,3,70.7
VeriQBench,dqc_teleportation,veriqbench/dynamic/dqc_teleportation.qasm,3,8,completed,0.84,3.033,1.301,3,71.4
VeriQBench,nth_prime3_inc,veriqbench/combinational/rev_circuit/nth_prime3_inc.qasm,3,4,completed,0.247,9.154,4.425,3,71.6
VeriQBench,pe_2,veriqbench/combinational/pe/pe_2.qasm,3,7,completed,0.217,13.997,5.403,3,70.6
VeriQBench,ham3tc,veriqbench/combinational/rev_circuit/ham3tc.qasm,3,5,completed,0.185,7.963,3.798,3,71.0
VeriQBench,3_17tc,veriqbench/combinational/rev_circuit/3_17tc.qasm,3,6,completed,0.206,8.138,3.792,3,71.0
VeriQBench,ham3_fc,veriqbench/combinational/rev_circuit/ham3_fc.qasm,3,6,completed,0.202,10.23,6.517,3,71.4
VeriQBench,bv_3,veriqbench/combinational/bv/bv_3.qasm,3,9,completed,0.265,13.433,5.61,3,71.5
VeriQBench,rand_cliff_3_GD,veriqbench/combinational/rand_cliff/rand_cliff_3_GD.qasm,3,11,completed,0.288,12.812,5.866,3,71.5
VeriQBench,grover_3,veriqbench/combinational/grover/grover_3.qasm,3,16,completed,0.362,22.222,10.108,3,71.3
VeriQBench,rand_cliff_3_AG,veriqbench/combinational/rand_cliff/rand_cliff_3_AG.qasm,3,17,completed,0.869,42.889,16.347,3,71.2
VeriQBench,quantum_volume_n3_d5_i0,veriqbench/combinational/qv/quantum_volume_n3_d5_i0.qasm,3,50,completed,2.089,96.722,55.357,3,73.0
VeriQBench,adder_n4,veriqbench/combinational/adder/adder_n4.qasm,4,4,completed,0.165,8.338,3.833,4,71.7
VeriQBench,dqc_qft_4,veriqbench/dynamic/qft/dqc_qft_4.qasm,4,13,completed,0.347,2.264,0.928,4,70.6
VeriQBench,qft_4,veriqbench/combinational/qft/qft_4.qasm,4,10,completed,0.441,26.784,9.46,4,72.1
VeriQBench,rd32,veriqbench/combinational/rev_circuit/rd32.qasm,4,4,completed,0.234,7.817,3.094,4,70.6
VeriQBench,dqc_pe_3,veriqbench/dynamic/pe/dqc_pe_3.qasm,4,14,completed,0.472,4.367,1.293,4,71.3
VeriQBench,pe_3,veriqbench/combinational/pe/pe_3.qasm,4,12,completed,0.344,37.812,13.595,4,72.1
VeriQBench,mspk_nth_primes4_11,veriqbench/combinational/rev_circuit/mspk_nth_primes4_11.qasm,4,11,completed,0.417,150.584,54.921,4,72.1
VeriQBench,nth_prime4_inc_d2,veriqbench/combinational/rev_circuit/nth_prime4_inc_d2.qasm,4,11,completed,0.406,165.595,69.249,4,72.9
VeriQBench,nth_prime4_inc_d1,veriqbench/combinational/rev_circuit/nth_prime4_inc_d1.qasm,4,12,completed,0.448,117.291,42.805,4,72.0
VeriQBench,hwb4-11-21,veriqbench/combinational/rev_circuit/hwb4-11-21.qasm,4,11,completed,0.495,30.636,10.731,4,71.3
VeriQBench,bv_4,veriqbench/combinational/bv/bv_4.qasm,4,12,completed,0.347,24.61,8.45,4,71.8
VeriQBench,mspk_4_49_12,veriqbench/combinational/rev_circuit/mspk_4_49_12.qasm,4,12,completed,0.625,43.819,16.259,4,71.9
VeriQBench,mspk_hwb4_12,veriqbench/combinational/rev_circuit/mspk_hwb4_12.qasm,4,12,completed,0.628,41.737,11.725,4,71.2
VeriQBench,mspk_nth_primes4_12,veriqbench/combinational/rev_circuit/mspk_nth_primes4_12.qasm,4,12,completed,0.68,36.178,10.164,4,71.3
VeriQBench,4b15g_2,veriqbench/combinational/rev_circuit/4b15g_2.qasm,4,15,completed,0.571,220.422,61.74,4,73.5
VeriQBench,4b15g_3,veriqbench/combinational/rev_circuit/4b15g_3.qasm,4,15,completed,0.781,219.263,60.986,4,73.5
VeriQBench,mspk_4_49_13,veriqbench/combinational/rev_circuit/mspk_4_49_13.qasm,4,13,completed,0.42,37.961,13.325,4,71.3
VeriQBench,mspk_hwb4_13,veriqbench/combinational/rev_circuit/mspk_hwb4_13.qasm,4,13,completed,0.521,44.89,14.909,4,71.6
VeriQBench,mspk_nth_primes4_13,veriqbench/combinational/rev_circuit/mspk_nth_primes4_13.qasm,4,13,completed,0.436,37.648,10.499,4,70.5
VeriQBench,nth_prime4_inc_15_51,veriqbench/combinational/rev_circuit/nth_prime4_inc_15_51.qasm,4,15,completed,0.511,201.438,60.229,4,72.6
VeriQBench,4_49tc1,veriqbench/combinational/rev_circuit/4_49tc1.qasm,4,16,completed,0.625,210.615,69.403,4,72.8
VeriQBench,4b15g_1,veriqbench/combinational/rev_circuit/4b15g_1.qasm,4,15,completed,0.569,149.241,39.216,4,72.8
VeriQBench,4b15g_4,veriqbench/combinational/rev_circuit/4b15g_4.qasm,4,15,completed,0.565,122.917,37.565,4,72.1
VeriQBench,mspk_4_49_14,veriqbench/combinational/rev_circuit/mspk_4_49_14.qasm,4,14,completed,0.447,44.303,15.204,4,71.4
VeriQBench,mspk_4b15g_1,veriqbench/combinational/rev_circuit/mspk_4b15g_1.qasm,4,15,completed,1.075,148.844,48.051,4,72.4
VeriQBench,mspk_4b15g_4,veriqbench/combinational/rev_circuit/mspk_4b15g_4.qasm,4,15,completed,0.585,129.683,36.755,4,72.4
VeriQBench,mspk_nth_primes4_14,veriqbench/combinational/rev_circuit/mspk_nth_primes4_14.qasm,4,14,completed,0.47,41.094,11.701,4,71.3
VeriQBench,4b15g_5,veriqbench/combinational/rev_circuit/4b15g_5.qasm,4,15,completed,0.886,50.26,14.455,4,71.7
VeriQBench,hwb4tc,veriqbench/combinational/rev_circuit/hwb4tc.qasm,4,17,completed,0.867,187.03,72.755,4,72.7
VeriQBench,mspk_4b15g_2,veriqbench/combinational/rev_circuit/mspk_4b15g_2.qasm,4,15,completed,0.483,49.945,15.424,4,71.7
VeriQBench,mspk_4b15g_3,veriqbench/combinational/rev_circuit/mspk_4b15g_3.qasm,4,15,completed,0.521,43.104,13.065,4,70.9
VeriQBench,mspk_4b15g_5,veriqbench/combinational/rev_circuit/mspk_4b15g_5.qasm,4,15,completed,0.589,46.804,13.073,4,71.6
VeriQBench,4_49_fc,veriqbench/combinational/rev_circuit/4_49_fc.qasm,4,23,completed,1.864,406.724,148.285,4,74.1
VeriQBench,eff_1_4,veriqbench/variational/EfficientSU2/eff_1_4.qasm,4,19,completed,0.596,42.595,15.335,4,71.6
VeriQBench,eff_2_4,veriqbench/variational/EfficientSU2/eff_2_4.qasm,4,19,completed,0.588,44.04,14.413,4,71.7
VeriQBench,eff_3_4,veriqbench/variational/EfficientSU2/eff_3_4.qasm,4,19,completed,0.596,49.209,15.047,4,71.7
VeriQBench,eff_4_4,veriqbench/variational/EfficientSU2/eff_4_4.qasm,4,19,completed,1.05,44.052,15.325,4,72.0
VeriQBench,eff_5_4,veriqbench/variational/EfficientSU2/eff_5_4.qasm,4,19,completed,0.577,48.329,19.312,4,71.2
VeriQBench,rand_cliff_4_GD,veriqbench/combinational/rand_cliff/rand_cliff_4_GD.qasm,4,23,completed,0.758,56.792,17.122,4,71.7
VeriQBench,rand_cliff_4_AG,veriqbench/combinational/rand_cliff/rand_cliff_4_AG.qasm,4,25,completed,0.869,109.943,33.947,4,72.8
VeriQBench,qcnn_4,veriqbench/variational/QCNN/qcnn_4.qasm,4,66,completed,4.291,304.291,93.86,4,73.8
VeriQBench,quantum_volume_n4_d5_i0,veriqbench/combinational/qv/quantum_volume_n4_d5_i0.qasm,4,100,completed,9.139,546.193,159.181,4,77.7
VeriQBench,5QBT_4CYC_4GN_1.0P2_0,veriqbench/combinational/qubit_mapping/Ourense/5QBT_4CYC_4GN_1.0P2_0.qasm,5,4,completed,0.205,10.834,4.687,5,71.3
VeriQBench,mod_4mod5-n5-gc4-qc13,veriqbench/combinational/rev_circuit/mod_4mod5-n5-gc4-qc13.qasm,5,4,completed,0.171,12.234,3.947,5,71.1
VeriQBench,dqc_qft_5,veriqbench/dynamic/qft/dqc_qft_5.qasm,5,19,completed,0.488,3.739,1.078,5,71.4
VeriQBench,mod5d4,veriqbench/combinational/rev_circuit/mod5d4.qasm,5,5,completed,0.202,12.304,4.19,5,70.8
VeriQBench,qft_5,veriqbench/combinational/qft/qft_5.qasm,5,15,completed,0.775,74.669,23.225,5,72.2
VeriQBench,5QBT_8CYC_8GN_1.0P2_0,veriqbench/combinational/qubit_mapping/Ourense/5QBT_8CYC_8GN_1.0P2_0.qasm,5,8,completed,0.497,21.64,13.068,5,72.1
VeriQBench,dqc_pe_4,veriqbench/dynamic/pe/dqc_pe_4.qasm,5,21,completed,1.435,16.582,3.923,5,72.3
VeriQBench,mod5d1,veriqbench/combinational/rev_circuit/mod5d1.qasm,5,8,completed,0.474,43.012,14.879,5,71.9
VeriQBench,pe_4,veriqbench/combinational/pe/pe_4.qasm,5,18,completed,0.622,91.047,28.01,5,72.2
VeriQBench,mod5d2,veriqbench/combinational/rev_circuit/mod5d2.qasm,5,9,completed,0.289,27.982,8.454,5,71.6
VeriQBench,bv_5,veriqbench/combinational/bv/bv_5.qasm,5,15,completed,0.411,38.424,11.921,5,71.7
VeriQBench,5QBT_16CYC_16GN_1.0P2_0,veriqbench/combinational/qubit_mapping/Ourense/5QBT_16CYC_16GN_1.0P2_0.qasm,5,16,completed,0.503,45.416,17.585,5,72.1
VeriQBench,hwb5-24-102,veriqbench/combinational/rev_circuit/hwb5-24-102.qasm,5,24,completed,1.449,869.9,200.341,5,75.5
VeriQBench,nth_prime5_inc_25_103,veriqbench/combinational/rev_circuit/nth_prime5_inc_25_103.qasm,5,25,completed,1.148,719.018,161.953,5,74.3
