circuit,n_qubits,n_ops
qft_2,2,2
dqc_qft_2,2,2
dqc_state_injection_S,2,3
dqc_state_injection_T,2,3
deutsch_n2,2,5
bv_2,2,6
deutsch_n2_transpiled,2,7
ipea_n2,2,8
iswap_n2,2,9
rand_cliff_2_GD,2,9
iswap_n2_transpiled,2,10
quantumwalks_n2,2,11
grover_n2_transpiled,2,11
rand_cliff_2_AG,2,11
grover_n2,2,16
quantumwalks_n2_transpiled,2,23
quantum_volume_n2_d5_i0,2,50
ipea_n2_transpiled,2,76
dnn_n2_transpiled,2,206
dnn_n2,2,226
ghz_n3,3,3
grover_n3,3,3
qftentangled_n3,3,3
qft_3,3,3
dqc_qft_3,3,3
pe_2,3,4
nth_prime3_inc,3,4
dqc_teleportation,3,4
dqc_pe_2,3,4
ham3tc,3,5
wstate_n3,3,6
bv_n3,3,6
dj_n3,3,6
graphstate_n3,3,6
3_17tc,3,6
ham3_fc,3,6
teleportation_n3,3,8
teleportation_n3_transpiled,3,8
wstate_n3,3,9
bv_3,3,9
rand_cliff_3_GD,3,11
qaoa_n3,3,15
grover_3,3,16
linearsolver_n3_transpiled,3,17
rand_cliff_3_AG,3,17
toffoli_n3,3,18
fredkin_n3,3,19
linearsolver_n3,3,19
toffoli_n3_transpiled,3,19
fredkin_n3_transpiled,3,20
qaoa_n3_transpiled,3,23
wstate_n3_transpiled,3,28
basis_change_n3,3,33
quantum_volume_n3_d5_i0,3,50
basis_change_n3_transpiled,3,55
cat_state_n4,4,4
inverseqft_n4,4,4
qrng_n4,4,4
ghz_n4,4,4
grover_n4,4,4
qftentangled_n4,4,4
adder_n4,4,4
qft_4,4,4
rd32,4,4
dqc_qft_4,4,4
cat_state_n4_transpiled,4,5
qft_n4,4,6
pe_3,4,6
dqc_pe_3,4,6
qrng_n4_transpiled,4,8
bv_n4,4,8
dj_n4,4,8
graphstate_n4,4,8
mspk_nth_primes4_11,4,9
nth_prime4_inc_d2,4,9
nth_prime4_inc_d1,4,10
hwb4-11-21,4,11
bv_4,4,12
mspk_4_49_12,4,12
mspk_hwb4_12,4,12
mspk_nth_primes4_12,4,12
wstate_n4,4,13
4b15g_2,4,13
4b15g_3,4,13
mspk_4_49_13,4,13
mspk_hwb4_13,4,13
mspk_nth_primes4_13,4,13
nth_prime4_inc_15_51,4,13
4_49tc1,4,14
4b15g_1,4,14
4b15g_4,4,14
mspk_4_49_14,4,14
mspk_4b15g_1,4,14
mspk_4b15g_4,4,14
mspk_nth_primes4_14,4,14
4b15g_5,4,15
hwb4tc,4,15
mspk_4b15g_2,4,15
mspk_4b15g_3,4,15
mspk_4b15g_5,4,15
inverseqft_n4_transpiled,4,16
4_49_fc,4,19
eff_1_4,4,19
eff_2_4,4,19
eff_3_4,4,19
eff_4_4,4,19
eff_5_4,4,19
hs4_n4_transpiled,4,20
adder_n4,4,23
rand_cliff_4_GD,4,23
adder_n4_transpiled,4,25
rand_cliff_4_AG,4,25
hs4_n4,4,28
bell_n4,4,33
bell_n4_transpiled,4,36
qft_n4_transpiled,4,40
vqe_n4_transpiled,4,41
variational_n4_transpiled,4,50
variational_n4,4,54
vqe_n4,4,57
qcnn_4,4,66
basis_test_n4,4,98
basis_test_n4_transpiled,4,99
quantum_volume_n4_d5_i0,4,100
vqe_uccsd_n4_transpiled,4,200
vqe_uccsd_n4,4,220
basis_trotter_n4,4,1506
basis_trotter_n4_transpiled,4,1801
qec_sm_n5,5,1
5QBT_4CYC_4GN_1.0P2_0,5,4
mod_4mod5-n5-gc4-qc13,5,4
qec_sm_n5_transpiled,5,5
ghz_n5,5,5
grover_n5,5,5
qftentangled_n5,5,5
qft_5,5,5
mod5d4,5,5
dqc_qft_5,5,5
pea_n5,5,8
pe_4,5,8
5QBT_8CYC_8GN_1.0P2_0,5,8
mod5d1,5,8
dqc_pe_4,5,8
mod5d2,5,9
dj_n5,5,10
graphstate_n5,5,10
lpn_n5,5,11
bv_n5,5,11
lpn_n5_transpiled,5,12
shor_n5,5,13
bv_5,5,15
5QBT_16CYC_16GN_1.0P2_0,5,16
wstate_n5,5,17
hwb5-24-102,5,19
nth_prime5_inc_25_103,5,21
grover_5,5,23
qec_en_n5,5,25
nth_prime5_inc-28-96,5,27
nth_prime5_inc_29_91,5,28
hwb5_31_91,5,29
5QBT_32CYC_32GN_1.0P2_0,5,32
hwb5-33-71,5,33
qec_en_n5_transpiled,5,34
mspk_nth_prime5_inc_29_91_opt_36_80,5,35
rand_cliff_5_GD,5,36
mspk_hwb5_31_91_opt_38_80,5,36
quantum_volume_n5_d2_i0,5,40
rand_cliff_5_AG,5,42
hwb5tc,5,42
quantum_volume_n5_d3_i0,5,60
5QBT_64CYC_64GN_1.0P2_0,5,64
shor_n5_transpiled,5,69
quantum_volume_n5_d4_i0,5,80
pea_n5_transpiled,5,100
quantum_volume_n5_d5_i0,5,100
error_correctiond3_n5,5,114
error_correctiond3_n5_transpiled,5,175
permanent2x2-gc3-qc39,6,2
2of5d6-n6-gc10-qc118,6,4
2of5d7-n6-gc9-qc268,6,4
qft_6,6,6
dqc_bitflip_code,6,6
dqc_qft_6,6,6
5mod5_fc,6,8
pe_5,6,10
dqc_pe_5,6,10
2of5d1,6,12
5mod5tc,6,12
dqc_phaseflip_code,6,12
2of5d3,6,13
simon_n6,6,16
mod5adders,6,17
bv_6,6,18
nth_prime6_inc_55_667,6,31
hwb6_47_107,6,46
nth_prime6_inc-57-485,6,47
simon_n6_transpiled,6,48
rand_cliff_6_GD,6,51
rand_cliff_6_AG,6,53
hwb6tc,6,66
qaoa_6,6,89
quantum_volume_n6_d5_i0,6,150
hf_6_0_5,6,155
hf_6_0_9,6,155
hf_6_1_3,6,155
hf_6_1_7,6,155
hf_6_2_1,6,155
hf_6_2_5,6,155
qaoa_n6_transpiled,6,254
qaoa_n6,6,270
vqe_uccsd_n6_transpiled,6,1826
vqe_uccsd_n6,6,2282
symmetric_6-n7-gc15-qc825,7,1
symmetric_6-n7-gc14-qc1308,7,2
qft_7,7,7
dqc_qft_7,7,7
adder_n7,7,8
rd53d1-n7-gc11-qc96,7,8
rd53d1,7,8
rd53d1-n7-gc12-qc82,7,9
rd53d1-n7-gc12-qc95,7,9
2of5d5-n7-gc11-qc32,7,11
pe_6,7,12
2of5d2,7,12
2of5d4-n7-gc12-qc31,7,12
dqc_pe_6,7,12
rd53d1mils,7,14
ham7tc,7,19
bv_7,7,21
rd53rcmg,7,21
rd53d15,7,25
grover_7,7,32
symmetric_6-n7-gc41-qc206,7,35
sat_n7,7,40
rand_cliff_7_GD,7,63
rand_cliff_7_AG,7,83
hwb7tc,7,105
hwb7_fc,7,114
quantum_volume_n7_d5_i0,7,150
hwb7-331-2609a,7,251
nth_prime07_inc-n7-gc440-qc10989,7,330
nth_prime07_inc-n7-gc489-qc10898,7,379
hwb07-n7-gc612-qc1737,7,571
hhl_n7_transpiled,7,658
hhl_n7,7,689
nth_prime07_inc-n7-gc839-qc2284,7,769
nth_prime7_inc_1427_3172,7,1394
ghz_n8,8,8
grover_n8,8,8
qftentangled_n8,8,8
qft_8,8,8
dqc_qft_8,8,8
rd53d2,8,12
pe_7,8,14
dqc_pe_7,8,14
dj_n8,8,16
graphstate_n8,8,16
bb84_n8_transpiled,8,17
bv_n8,8,18
bv_8,8,24
bb84_n8,8,27
wstate_n8,8,29
hwb5ps,8,45
rand_cliff_8_GD,8,91
rand_cliff_8_AG,8,108
qcnn_8,8,154
quantum_volume_n8_d5_i0,8,200
hf_8_0_5,8,308
hf_8_0_9,8,308
hf_8_1_3,8,308
hf_8_1_7,8,308
hf_8_2_1,8,308
hf_8_2_5,8,308
nth_prime08_inc-n8-gc986-qc10227,8,776
dnn_n8_transpiled,8,952
dnn_n8,8,1008
nth_prime08_inc-n8-gc1692-qc6339,8,1507
hwb08-n8-gc1604-qc4862,8,1518
hwb8_2710_6940,8,2616
nth_prime8_inc_3346_7618,8,3280
qft_9,9,9
dqc_qft_9,9,9
gf2^3mult_11_47,9,11
pe_8,9,16
dqc_pe_8,9,16
qpe_n9,9,18
bv_9,9,27
grover_9,9,41
hwb6ps,9,50
rand_cliff_9_GD,9,100
rand_cliff_9_AG,9,107
qpe_n9_transpiled,9,135
rd73d2-n9-gc296-qc43421,9,189
quantum_volume_n9_d5_i0,9,200
hwb9-1541,9,290
rd73d2-n9-gc835-qc4069,9,727
hwb9-1959-20378a,9,1529
hwb09-n9-gc4014-qc12293,9,3655
symmetric_9-n10-gc74-qc31819,10,1
adder_n10,10,2
symmetric_9-n10-gc73-qc61928,10,2
ghz_n10,10,10
grover_n10,10,10
qftentangled_n10,10,10
qft_10,10,10
dqc_qft_10,10,10
adder_n10,10,12
pe_9,10,18
dqc_pe_9,10,18
dj_n10,10,20
graphstate_n10,10,20
6symd2,10,20
rd73d2,10,20
bv_n10,10,23
bv_10,10,30
wstate_n10,10,37
hwb7ps,10,67
rand_cliff_10_GD,10,128
rand_cliff_10_AG,10,134
adder_n10_transpiled,10,150
qaoa_10,10,164
quantum_volume_n10_d5_i0,10,250
symmetric_9-n10-gc347-qc1975,10,295
ising_n10_transpiled,10,325
hf_10_0_5,10,461
hf_10_0_9,10,461
hf_10_1_3,10,461
hf_10_1_7,10,461
hf_10_2_1,10,461
hf_10_2_5,10,461
ising_n10,10,480
quantum_volume_n10_d10_i0,10,500
quantum_volume_n10_d15_i0,10,750
quantum_volume_n10_d20_i0,10,1000
nth_prime09_inc-n10-gc2234-qc22181,10,1777
nth_prime09_inc-n10-gc3956-qc19464,10,3460
hwb10-4540-46597a,10,3639
qft_11,11,11
dqc_qft_11,11,11
pe_10,11,20
dqc_pe_10,11,20
5bitadder,11,29
bv_11,11,33
grover_11,11,50
seca_n11,11,70
sat_n11,11,91
rand_cliff_11_GD,11,141
rand_cliff_11_AG,11,160
seca_n11_transpiled,11,234
quantum_volume_n11_d5_i0,11,250
rd84d1-n11-gc679-qc359384,11,456
sat_n11_transpiled,11,664
rd84d1-n11-gc2560-qc12397,11,2326
cycle10_2,12,4
qft_12,12,12
dqc_qft_12,12,12
gf2^4mult_19_83,12,19
cc_n12,12,22
pe_11,12,22
dqc_pe_11,12,22
9symd2,12,28
cc_n12_transpiled,12,33
bv_12,12,36
hwb8ps,12,66
rand_cliff_12_GD,12,179
rand_cliff_12_AG,12,180
quantum_volume_n12_d5_i0,12,300
hf_12_0_5,12,690
hf_12_0_9,12,690
hf_12_1_3,12,690
hf_12_1_7,12,690
hf_12_2_1,12,690
hf_12_2_5,12,690
qft_13,13,13
dqc_qft_13,13,13
multiply_n13,13,14
adder_n13,13,16
pe_12,13,24
dqc_pe_12,13,24
bv_13,13,39
grover_13,13,59
multiply_n13_transpiled,13,104
hwb9ps,13,113
rand_cliff_13_GD,13,193
rand_cliff_13_AG,13,197
quantum_volume_n13_d5_i0,13,300
gcm_n13,13,2290
gcm_h6,13,2290
ghz_n14,14,14
grover_n14,14,14
qftentangled_n14,14,14
qft_14,14,14
dqc_qft_14,14,14
pe_13,14,26
dqc_pe_13,14,26
dj_n14,14,28
graphstate_n14,14,28
bv_n14,14,33
bv_n14,14,41
bv_14,14,42
wstate_n14,14,53
bv_n14_transpiled,14,67
hwb10ps,14,118
rand_cliff_14_GD,14,227
rand_cliff_14_AG,14,259
quantum_volume_n14_d5_i0,14,350
qft_15,15,15
dqc_qft_15,15,15
qf21_n15,15,28
pe_14,15,28
rd84d1,15,28
dqc_pe_14,15,28
gf2^5mult_29_129,15,29
bv_15,15,45
ham15tc1,15,64
grover_15,15,68
multiplier_n15,15,70
hwb11ps,15,141
rand_cliff_15_GD,15,256
qaoa_15,15,258
rand_cliff_15_AG,15,263
qf21_n15_transpiled,15,329
quantum_volume_n15_d5_i0,15,350
multiplier_n15_transpiled,15,526
16QBT_4CYC_8GN_1.0P2_0,16,8
qft_16,16,16
16QBT_8CYC_16GN_1.0P2_0,16,16
dqc_qft_16,16,16
adder_n16,16,20
pe_15,16,30
dqc_pe_15,16,30
16QBT_16CYC_32GN_1.0P2_0,16,32
bv_16,16,48
16QBT_32CYC_64GN_1.0P2_0,16,64
16QBT_64CYC_128GN_1.0P2_0,16,128
hwb12ps,16,134
rand_cliff_16_GD,16,281
rand_cliff_16_AG,16,296
qcnn_16,16,330
quantum_volume_n16_d5_i0,16,400
dnn_n16_transpiled,16,1904
dnn_n16,16,2016
qft_17,17,17
dqc_qft_17,17,17
pe_16,17,32
dqc_pe_16,17,32
bv_17,17,51
qec9xz_n17,17,53
qec9xz_n17_transpiled,17,74
grover_17,17,77
hwb13ps,17,169
rand_cliff_17_GD,17,311
rand_cliff_17_AG,17,354
bigadder_n18,18,2
ghz_n18,18,18
grover_n18,18,18
qftentangled_n18,18,18
qft_18,18,18
dqc_qft_18,18,18
pe_17,18,34
dqc_pe_17,18,34
dj_n18,18,36
graphstate_n18,18,36
gf2^6mult_41_185,18,41
bv_n18,18,43
bv_18,18,54
wstate_n18,18,69
hwb14ps,18,174
bigadder_n18_transpiled,18,298
rand_cliff_18_GD,18,366
rand_cliff_18_AG,18,377
square_root_n18,18,480
qft_n18,18,783
qft_n18_transpiled,18,801
square_root_n18_transpiled,18,2400
qft_19,19,19
dqc_qft_19,19,19
adder_n19,19,24
pe_18,19,36
dqc_pe_18,19,36
bv_n19,19,56
bv_19,19,57
grover_19,19,86
bv_n19_transpiled,19,92
hwb15ps,19,197
rand_cliff_19_GD,19,404
rand_cliff_19_AG,19,436
20QBT_4CYC_8GN_1.0P2_0,20,8
20QBT_8CYC_16GN_1.0P2_0,20,16
mod1024adder,20,19
qft_20,20,20
dqc_qft_20,20,20
20QBT_16CYC_32GN_1.0P2_0,20,32
pe_19,20,38
dqc_pe_19,20,38
qram_n20,20,41
bv_20,20,60
20QBT_32CYC_64GN_1.0P2_0,20,64
20QBT_64CYC_128GN_1.0P2_0,20,128
permanent3x3p3,20,144
qram_n20_transpiled,20,320
qaoa_20,20,376
quantum_volume_n20_d20_i0,20,2000
qft_21,21,21
dqc_qft_21,21,21
pe_20,21,40
dqc_pe_20,21,40
gf2^7mult_55_251,21,55
bv_21,21,63
grover_21,21,95
hwb16ps,21,178
cat_state_n22,22,22
qft_22,22,22
dqc_qft_22,22,22
cat_state_n22_transpiled,22,23
adder_n22,22,28
pe_21,22,42
dqc_pe_21,22,42
bv_22,22,66
ghz_state_n23,23,23
qft_23,23,23
dqc_qft_23,23,23
ghz_state_n23_transpiled,23,24
pe_22,23,44
dqc_pe_22,23,44
bv_23,23,69
grover_23,23,104
qft_24,24,24
dqc_qft_24,24,24
pe_23,24,46
dqc_pe_23,24,46
bv_24,24,72
gf2^8mult_85_341,24,85
qft_25,25,25
dqc_qft_25,25,25
knn_n25,25,26
swap_test_n25,25,26
adder_n25,25,32
pe_24,25,48
dqc_pe_24,25,48
bv_25,25,75
grover_25,25,113
knn_n25_transpiled,25,268
swap_test_n25_transpiled,25,292
hwb20ps,25,294
qaoa_25,25,482
qft_26,26,26
dqc_qft_26,26,26
pe_25,26,50
dqc_pe_25,26,50
bv_26,26,78
ising_n26_transpiled,26,151
ising_n26,26,280
qft_27,27,27
dqc_qft_27,27,27
pe_26,27,52
dqc_pe_26,27,52
bv_27,27,81
gf2^9mult_89_413,27,89
wstate_n27,27,105
wstate_n27_transpiled,27,105
grover_27,27,122
qft_28,28,28
dqc_qft_28,28,28
adder_n28,28,36
pe_27,28,54
dqc_pe_27,28,54
bv_28,28,84
adder_n28,28,88
adder_n28_transpiled,28,448
qft_29,29,29
dqc_qft_29,29,29
pe_28,29,56
dqc_pe_28,29,56
bv_29,29,87
grover_29,29,131
qft_n29,29,2059
qft_n29_transpiled,29,2088
qft_30,30,30
dqc_qft_30,30,30
pe_29,30,58
dqc_pe_29,30,58
bv_n30,30,78
bv_30,30,90
gf2^10mult_109_509,30,109
bv_n30_transpiled,30,136
qaoa_30,30,588
quantum_volume_n30_d20_i0,30,3000
qft_31,31,31
dqc_qft_31,31,31
knn_n31,31,32
adder_n31,31,40
pe_30,31,60
dqc_pe_30,31,60
bv_31,31,93
grover_31,31,140
knn_n31_transpiled,31,334
ghz_n32,32,32
qftentangled_n32,32,32
qft_32,32,32
dqc_qft_32,32,32
cc_n32,32,62
pe_31,32,62
dqc_pe_31,32,62
dj_n32,32,64
graphstate_n32,32,64
bv_n32,32,78
cc_n32_transpiled,32,93
bv_32,32,96
wstate_n32,32,125
qft_33,33,33
dqc_qft_33,33,33
pe_32,33,64
dqc_pe_32,33,64
dnn_n33,33,66
bv_33,33,99
gf2^11mult_131_615,33,131
grover_33,33,149
dnn_n33_transpiled,33,672
qft_34,34,34
dqc_qft_34,34,34
adder_n34,34,44
pe_33,34,66
dqc_pe_33,34,66
bv_34,34,102
ising_n34_transpiled,34,199
ising_n34,34,368
cat_n35,35,35
qft_35,35,35
dqc_qft_35,35,35
cat_n35_transpiled,35,36
pe_34,35,68
dqc_pe_34,35,68
bv_35,35,105
grover_35,35,158
qaoa_35,35,718
qft_36,36,36
dqc_qft_36,36,36
pe_35,36,70
dqc_pe_35,36,70
bv_36,36,108
wstate_n36,36,141
wstate_n36_transpiled,36,141
gf2^12mult_177_753,36,177
qft_37,37,37
dqc_qft_37,37,37
adder_n37,37,48
pe_36,37,72
dqc_pe_36,37,72
bv_37,37,111
grover_37,37,167
qft_38,38,38
dqc_qft_38,38,38
pe_37,38,74
dqc_pe_37,38,74
bv_38,38,114
qft_39,39,39
dqc_qft_39,39,39
qugan_n39,39,40
pe_38,39,76
dqc_pe_38,39,76
bv_39,39,117
grover_39,39,176
gf2^13mult_205_881,39,205
qugan_n39_transpiled,39,780
ghz_n40,40,40
qft_40,40,40
dqc_qft_40,40,40
ghz_n40_transpiled,40,41
adder_n40,40,52
pe_39,40,78
dqc_pe_39,40,78
bv_40,40,120
qaoa_40,40,836
quantum_volume_n40_d20_i0,40,4000
qft_41,41,41
dqc_qft_41,41,41
knn_n41,41,42
swap_test_n41,41,42
pe_40,41,80
dqc_pe_40,41,80
bv_41,41,123
grover_41,41,185
swap_test_n41_transpiled,41,484
qft_42,42,42
dqc_qft_42,42,42
pe_41,42,82
dqc_pe_41,42,82
bv_42,42,126
gf2^14mult_235_1019,42,235
ising_n42,42,456
qft_43,43,43
dqc_qft_43,43,43
adder_n43,43,56
pe_42,43,84
dqc_pe_42,43,84
bv_43,43,129
grover_43,43,194
qft_44,44,44
dqc_qft_44,44,44
pe_43,44,86
dqc_pe_43,44,86
bv_44,44,132
qft_45,45,45
dqc_qft_45,45,45
pe_44,45,88
dqc_pe_44,45,88
bv_45,45,135
grover_45,45,203
gf2^15mult_239_1139,45,239
multiplier_n45,45,689
qaoa_45,45,966
qft_46,46,46
dqc_qft_46,46,46
adder_n46,46,60
pe_45,46,90
dqc_pe_45,46,90
bv_46,46,138
qft_47,47,47
dqc_qft_47,47,47
pe_46,47,92
dqc_pe_46,47,92
bv_47,47,141
grover_47,47,212
qft_48,48,48
dqc_qft_48,48,48
pe_47,48,94
dqc_pe_47,48,94
bv_48,48,144
gf2^16mult_301_1325,48,301
qaoa_48,48,1032
qft_49,49,49
dqc_qft_49,49,49
adder_n49,49,64
pe_48,49,96
dqc_pe_48,49,96
bv_49,49,147
grover_49,49,221
inst_7x7_10_0,49,839
qft_50,50,50
dqc_qft_50,50,50
pe_49,50,98
dqc_pe_49,50,98
bv_50,50,150
qft_51,51,51
dqc_qft_51,51,51
pe_50,51,100
dqc_pe_50,51,100
dnn_n51,51,102
bv_51,51,153
grover_51,51,230
gf2^17mult_305_1461,51,305
dnn_n51_transpiled,51,1059
qft_52,52,52
dqc_qft_52,52,52
adder_n52,52,68
pe_51,52,102
dqc_pe_51,52,102
bv_52,52,156
53QBT_4CYC_8GN_1.0P2_0,53,8
53QBT_8CYC_16GN_1.0P2_0,53,16
53QBT_16CYC_32GN_1.0P2_0,53,32
qft_53,53,53
dqc_qft_53,53,53
53QBT_32CYC_64GN_1.0P2_0,53,64
pe_52,53,104
dqc_pe_52,53,104
53QBT_64CYC_128GN_1.0P2_0,53,128
bv_53,53,159
grover_53,53,239
54QBT_4CYC_8GN_1.0P2_0,54,8
54QBT_8CYC_16GN_1.0P2_0,54,16
54QBT_16CYC_32GN_1.0P2_0,54,32
qft_54,54,54
dqc_qft_54,54,54
54QBT_32CYC_64GN_1.0P2_0,54,64
pe_53,54,106
dqc_pe_53,54,106
54QBT_64CYC_128GN_1.0P2_0,54,128
bv_54,54,162
gf2^18mult_375_1671,54,375
qft_55,55,55
dqc_qft_55,55,55
adder_n55,55,72
pe_54,55,108
dqc_pe_54,55,108
bv_55,55,165
grover_55,55,248
qft_56,56,56
dqc_qft_56,56,56
pe_55,56,110
dqc_pe_55,56,110
bv_56,56,168
hwb50ps,56,966
qft_57,57,57
dqc_qft_57,57,57
pe_56,57,112
dqc_pe_56,57,112
bv_57,57,171
grover_57,57,257
gf2^19mult_415_1859,57,415
qft_58,58,58
dqc_qft_58,58,58
adder_n58,58,76
pe_57,58,114
dqc_pe_57,58,114
bv_58,58,174
qft_59,59,59
dqc_qft_59,59,59
pe_58,59,116
dqc_pe_58,59,116
bv_59,59,177
grover_59,59,266
qft_60,60,60
dqc_qft_60,60,60
pe_59,60,118
dqc_pe_59,60,118
bv_60,60,180
gf2^20mult_419_2019,60,419
qft_61,61,61
dqc_qft_61,61,61
adder_n61,61,80
pe_60,61,120
dqc_pe_60,61,120
bv_61,61,183
grover_61,61,275
qft_62,62,62
dqc_qft_62,62,62
pe_61,62,122
dqc_pe_61,62,122
bv_62,62,186
qft_63,63,63
dqc_qft_63,63,63
pe_62,63,124
dqc_pe_62,63,124
bv_63,63,189
grover_63,63,284
ghz_n64,64,64
qftentangled_n64,64,64
qft_64,64,64
dqc_qft_64,64,64
adder_n64,64,84
cc_n64,64,126
pe_63,64,126
dqc_pe_63,64,126
dj_n64,64,128
graphstate_n64,64,128
bv_n64,64,158
cc_n64_transpiled,64,189
bv_64,64,192
adder_n64,64,204
wstate_n64,64,253
adder_n64_transpiled,64,1044
inst_8x8_10_0,64,1116
qaoa_64,64,1472
cat_n65,65,65
qft_65,65,65
dqc_qft_65,65,65
cat_n65_transpiled,65,66
pe_64,65,128
dqc_pe_64,65,128
bv_65,65,195
grover_65,65,293
qft_66,66,66
dqc_qft_66,66,66
pe_65,66,130
dqc_pe_65,66,130
bv_66,66,198
ising_n66_transpiled,66,391
ising_n66,66,720
qft_67,67,67
dqc_qft_67,67,67
knn_n67,67,68
adder_n67,67,88
pe_66,67,132
dqc_pe_66,67,132
bv_67,67,201
grover_67,67,302
knn_n67_transpiled,67,730
qft_68,68,68
dqc_qft_68,68,68
pe_67,68,134
dqc_pe_67,68,134
bv_68,68,204
qft_69,69,69
dqc_qft_69,69,69
pe_68,69,136
dqc_pe_68,69,136
bv_69,69,207
grover_69,69,311
qft_70,70,70
dqc_qft_70,70,70
adder_n70,70,92
pe_69,70,138
dqc_pe_69,70,138
bv_n70,70,176
bv_70,70,210
bv_n70_transpiled,70,314
qft_71,71,71
dqc_qft_71,71,71
qugan_n71,71,72
pe_70,71,140
dqc_pe_70,71,140
bv_71,71,213
grover_71,71,320
qugan_n71_transpiled,71,1452
qft_72,72,72
dqc_qft_72,72,72
pe_71,72,142
dqc_pe_71,72,142
bv_72,72,216
qaoa_72,72,1668
qft_73,73,73
dqc_qft_73,73,73
adder_n73,73,96
pe_72,73,144
dqc_pe_72,73,144
bv_73,73,219
grover_73,73,329
qft_74,74,74
dqc_qft_74,74,74
pe_73,74,146
dqc_pe_73,74,146
bv_74,74,222
qft_75,75,75
dqc_qft_75,75,75
pe_74,75,148
dqc_pe_74,75,148
bv_75,75,225
grover_75,75,338
multiplier_n75,75,1957
qft_76,76,76
dqc_qft_76,76,76
adder_n76,76,100
pe_75,76,150
dqc_pe_75,76,150
bv_76,76,228
wstate_n76,76,301
wstate_n76_transpiled,76,301
qft_77,77,77
dqc_qft_77,77,77
pe_76,77,152
dqc_pe_76,77,152
bv_77,77,231
grover_77,77,347
ghz_n78,78,78
qft_78,78,78
dqc_qft_78,78,78
ghz_n78_transpiled,78,79
pe_77,78,154
dqc_pe_77,78,154
bv_78,78,234
qft_79,79,79
dqc_qft_79,79,79
adder_n79,79,104
pe_78,79,156
dqc_pe_78,79,156
bv_79,79,237
grover_79,79,356
qft_80,80,80
dqc_qft_80,80,80
pe_79,80,158
dqc_pe_79,80,158
bv_80,80,240
qaoa_80,80,1722
qft_81,81,81
dqc_qft_81,81,81
pe_80,81,160
dqc_pe_80,81,160
bv_81,81,243
grover_81,81,365
inst_9x9_10_0,81,1417
qft_82,82,82
dqc_qft_82,82,82
adder_n82,82,108
pe_81,82,162
dqc_pe_81,82,162
bv_82,82,246
qft_83,83,83
dqc_qft_83,83,83
swap_test_n83,83,84
pe_82,83,164
dqc_pe_82,83,164
bv_83,83,249
grover_83,83,374
swap_test_n83_transpiled,83,988
qft_84,84,84
dqc_qft_84,84,84
pe_83,84,166
dqc_pe_83,84,166
bv_84,84,252
qft_85,85,85
dqc_qft_85,85,85
adder_n85,85,112
pe_84,85,168
dqc_pe_84,85,168
bv_85,85,255
grover_85,85,383
qft_86,86,86
dqc_qft_86,86,86
pe_85,86,170
dqc_pe_85,86,170
bv_86,86,258
qft_87,87,87
dqc_qft_87,87,87
pe_86,87,172
dqc_pe_86,87,172
bv_87,87,261
grover_87,87,392
qft_88,88,88
dqc_qft_88,88,88
adder_n88,88,116
pe_87,88,174
dqc_pe_87,88,174
bv_88,88,264
qft_89,89,89
dqc_qft_89,89,89
pe_88,89,176
dqc_pe_88,89,176
bv_89,89,267
grover_89,89,401
qft_90,90,90
dqc_qft_90,90,90
pe_89,90,178
dqc_pe_89,90,178
bv_90,90,270
qft_91,91,91
dqc_qft_91,91,91
adder_n91,91,120
pe_90,91,180
dqc_pe_90,91,180
bv_91,91,273
grover_91,91,410
qft_92,92,92
dqc_qft_92,92,92
pe_91,92,182
dqc_pe_91,92,182
bv_92,92,276
qft_93,93,93
dqc_qft_93,93,93
pe_92,93,184
dqc_pe_92,93,184
bv_93,93,279
grover_93,93,419
qft_94,94,94
dqc_qft_94,94,94
adder_n94,94,124
pe_93,94,186
dqc_pe_93,94,186
bv_94,94,282
qft_95,95,95
dqc_qft_95,95,95
pe_94,95,188
dqc_pe_94,95,188
bv_95,95,285
grover_95,95,428
qft_96,96,96
dqc_qft_96,96,96
pe_95,96,190
dqc_pe_95,96,190
bv_96,96,288
gf2^32mult_1117_5213,96,1117
gf2^32mult_1179_5275,96,1179
qft_97,97,97
dqc_qft_97,97,97
adder_n97,97,128
pe_96,97,192
dqc_pe_96,97,192
bv_97,97,291
grover_97,97,437
qft_98,98,98
dqc_qft_98,98,98
pe_97,98,194
dqc_pe_97,98,194
bv_98,98,294
ising_n98_transpiled,98,583
ising_n98,98,1072
qft_99,99,99
dqc_qft_99,99,99
pe_98,99,196
dqc_pe_98,99,196
bv_99,99,297
grover_99,99,446
qft_100,100,100
dqc_qft_100,100,100
adder_n100,100,132
pe_99,100,198
dqc_pe_99,100,198
bv_100,100,300
inst_10x10_10_0,100,746
qaoa_100,100,2360
pe_100,101,200
dqc_pe_100,101,200
hwb100ps,107,2230
qugan_n111,111,112
qugan_n111_transpiled,111,2292
swap_test_n115,115,116
swap_test_n115_transpiled,115,1372
adder_n118,118,378
wstate_n118,118,469
wstate_n118_transpiled,118,469
adder_n118_transpiled,118,1938
qaoa_121,121,2662
ghz_n127,127,127
ghz_n127_transpiled,127,128
ghz_n128,128,128
qftentangled_n128,128,128
dj_n128,128,256
graphstate_n128,128,256
bv_n128,128,318
wstate_n128,128,509
knn_n129,129,130
knn_129,129,130
knn_129_transpiled,129,1412
cat_n130,130,130
cat_n130_transpiled,130,131
bv_n140,140,352
bv_n140_transpiled,140,630
inst_12x12_10_0,144,1081
qaoa_144,144,3192
gf2^50_2647_12647,150,2647
cc_n151,151,300
cc_n151_transpiled,151,450
qaoa_169,169,3770
