package_path	upstream_path	sha256
data/qasmbench/large/QAOA_3SAT_N10000_p1.qasm	large/QAOA_3SAT_N10000_p1/random_QAOA_angles_k3_N10000_p1.qasm	cb944ec6871e9855962277ea2ec501813d186067d3f360195228f3c3b1c8c989
data/qasmbench/large/QAOA_3SAT_N1000_p1.qasm	large/QAOA_3SAT_N1000_p1/random_QAOA_angles_k3_N1000_p1.qasm	58ba3dfb1ad2956e4ac3755af91a4e6f9c8321c7a55c8f9e6032cf32c26253d3
data/qasmbench/large/QAOA_3SAT_N100_p100.qasm	large/QAOA_3SAT_N100_p100/random_QAOA_angles_k3_N100_p100.qasm	f09189140d02569cebc12db35825e1aba53cfab28f5a98087012808dc46fca14
data/qasmbench/large/QAOA_3SAT_N100_p1000.qasm	large/QAOA_3SAT_N100_p1000/random_QAOA_angles_k3_N100_p1000.qasm/random_QAOA_angles_k3_N100_p1000.qasm	c82f9a18e7fe1a230112e3b61dca8115e815babd42c2f67f7ca8bc39b7310aa2
data/qasmbench/large/QV_n100.qasm	large/QV_n100/100.qasm	5fb6ea3de82da40591d657aa3ef286b8505c1c0a74acb4296a2754a702511d41
data/qasmbench/large/QV_n1000.qasm	large/QV_n1000/1000.qasm/1000.qasm	e25bd926ea8131d4afe8e617cfa6f7112e2ab3af3cef8c3b773ef7bdfbd7e55b
data/qasmbench/large/QV_n32.qasm	large/QV_n32/32.qasm	45093e91e2bd96bf140ea664a4a16fa99c7f123648619954fb495603b81e9a8d
data/qasmbench/large/adder_n118.qasm	large/adder_n118/adder_n118.qasm	b6efc8e67fd640f8ba24fb36529248fe573cfacedfe45e050b3d9f0dfedc6b69
data/qasmbench/large/adder_n28.qasm	large/adder_n28/adder_n28.qasm	18ffaae6478e1b9ab873e12035cb3071d826e27d4f51d1c77ec6685206b3a3cf
data/qasmbench/large/adder_n433.qasm	large/adder_n433/adder_n433.qasm	808136ae027cabd653ebfb9dfe016a913e60eecc56de70a9679e241a7b7036ad
data/qasmbench/large/adder_n64.qasm	large/adder_n64/adder_n64.qasm	ec67a182baee4a03a5cf2b0c33d5043260e8fda16a4e89a995356baa530e58e6
data/qasmbench/large/bv_n140.qasm	large/bv_n140/bv_n140.qasm	100b4d69fc11f00dfc27c09e2ccd5661fe6b7183c9e3eb685a78bc2659344ca5
data/qasmbench/large/bv_n280.qasm	large/bv_n280/bv_n280.qasm	799c589de67bb852632f37d75bc33fecc560c3cafe49eb33da36ab1c50b11246
data/qasmbench/large/bv_n30.qasm	large/bv_n30/bv_n30.qasm	a9f50bd7aecba85c5148d621c91fab9a9d940cf34f9463982366b77228027ade
data/qasmbench/large/bv_n70.qasm	large/bv_n70/bv_n70.qasm	802e0740406305735367ebd1f2b43578922b68c8c6b9a30cf48ff8d3b0ffd35a
data/qasmbench/large/bwt_n177.qasm	large/bwt_n177/bwt_n177.qasm	03da49fcf30b7532d0f62e59d6c5ac5b961623a6d386a245c1a18405d9e256f9
data/qasmbench/large/bwt_n37.qasm	large/bwt_n37/bwt_n37.qasm	ae87adc21c21d45260b9f7605d6947ac96269a38c3870760f718029abdd39016
data/qasmbench/large/bwt_n57.qasm	large/bwt_n57/bwt_n57.qasm	e30e7cc4c5aeca6a6af214aa516393d9ca6bb3858e32432c3ba278829a6d7e5e
data/qasmbench/large/bwt_n97.qasm	large/bwt_n97/bwt_n97.qasm	3380e3865b72e95eb7559e47ce260d80b32d45ee39e222efb31882a1bb2ee39f
data/qasmbench/large/cat_n130.qasm	large/cat_n130/cat_n130.qasm	0ffa7aa1fd3df9fc2be6dc631331aeff43f28980dfad32d832de60981080784d
data/qasmbench/large/cat_n260.qasm	large/cat_n260/cat_n260.qasm	11eecef13fbe9601983789c61fe6c7eb1946e7d457afaf5a78ba621938f0b75d
data/qasmbench/large/cat_n35.qasm	large/cat_n35/cat_n35.qasm	9a0d29ba7813c5f641e6e4aeaddbff3257e783d0d3bee1ebd4e759a649b5fd74
data/qasmbench/large/cat_n65.qasm	large/cat_n65/cat_n65.qasm	02f08cc7717ce8862c6b485f851ee88b44f5c14e86bc0b054955fc86d396178a
data/qasmbench/large/cc_n151.qasm	large/cc_n151/cc_n151.qasm	23a0d0d4a8bea37c4a8e76cf79fe75e498cea9250a22a363207669854ad05eec
data/qasmbench/large/cc_n301.qasm	large/cc_n301/cc_n301.qasm	10f364bf814ea2824635a21a8fe229c911cacf0077120a124902f87be2416276
data/qasmbench/large/cc_n32.qasm	large/cc_n32/cc_n32.qasm	0f67ec718f5663c1e55bbfc5ad930418266151bfa4bbe5b77d67529c22e7051a
data/qasmbench/large/cc_n64.qasm	large/cc_n64/cc_n64.qasm	eb67f8cf6f308aed40b78eb84561f07cdc5987e4ec1eba8e1a9b37f8f40185cb
data/qasmbench/large/dnn_n33.qasm	large/dnn_n33/dnn_n33.qasm	50a5f79da7cbb38754bd7fa0aca2e672266642ad7e9e7ce16ccdd613af5db070
data/qasmbench/large/dnn_n51.qasm	large/dnn_n51/dnn_n51.qasm	df6c9e37a068afe01a13daf528910e1ba0c23ff0a82c64b8e8d02ab7d65317f9
data/qasmbench/large/ghz_n127.qasm	large/ghz_n127/ghz_n127.qasm	8e7ae59d4f9d3d31c8fed8a19fe36e9542b76f3fc4d873d2662365df1040b0a7
data/qasmbench/large/ghz_n255.qasm	large/ghz_n255/ghz_state_n255.qasm	c07df9f7e628b2e33e38d9521f3fe8db5730f413d75e6d372a54427f0d0cde83
data/qasmbench/large/ghz_n40.qasm	large/ghz_n40/ghz_n40.qasm	f31c4f2beba87afc710f4f828ef0258b91952fe744379272018751e13a4eddf2
data/qasmbench/large/ghz_n78.qasm	large/ghz_n78/ghz_n78.qasm	9e199ccf5888ff36b9d8191dbc49befa8b0252e14d88a9dbbd9a3949acd02343
data/qasmbench/large/ising_n34.qasm	large/ising_n34/ising_n34.qasm	c4367870578a74cd7dbfd337dd8b1ece3fb2c76709261a16a093225dfb7307ec
data/qasmbench/large/ising_n42.qasm	large/ising_n42/ising_n42.qasm	28cc7db51ac0ddc75b8407c414cd0986e028dc9750010d938c34fa25f157a853
data/qasmbench/large/ising_n420.qasm	large/ising_n420/ising_n420.qasm	edec5ff2f3a0380db3e073a41cf3046f9196c52b9e57cbd45e5bcd23c0e7feec
data/qasmbench/large/ising_n66.qasm	large/ising_n66/ising_n66.qasm	ab80ae764db392991593e3bcbcd8591ee74998c747b964f2713a822b30862fdc
data/qasmbench/large/ising_n98.qasm	large/ising_n98/ising_n98.qasm	a5df0fa957b250a59561348cf0d3b30f01626634b33cfbaea09d32f770a5f8af
data/qasmbench/large/knn_n129.qasm	large/knn_n129/knn_129.qasm	308b2ba169c3c4f86b42cc4eba92cbb0cb3ded9eb91d0f9681b885d3c6236aed
data/qasmbench/large/knn_n31.qasm	large/knn_n31/knn_n31.qasm	7f5af7d17ec13348df03c30e665aec773b04fcd65fb7e4d536866d820ca43bc0
data/qasmbench/large/knn_n341.qasm	large/knn_n341/knn_341.qasm	b5dc7e620132f3294015585cb3b4accc3c63b20b4c1ca501958eac0f2dd1d526
data/qasmbench/large/knn_n41.qasm	large/knn_n41/knn_n41.qasm	0b62f07ebd93d7a043e26669a353b3534661c4b26eab54d206e9d5dae792543e
data/qasmbench/large/knn_n67.qasm	large/knn_n67/knn_n67.qasm	3368a00839e39ee324d2208b0f3eb39a271c1cb3a98699fdbed13bdda533c30a
data/qasmbench/large/multiplier_n350.qasm	large/multiplier_n350/multiplier_n350.qasm	d1de151becada0b2723f5aadf2984c2a73fa60b1ce9611d114e19a507c4f14ef
data/qasmbench/large/multiplier_n400.qasm	large/multiplier_n400/multiplier_n400.qasm	5258c62c7ac1026d97c690126dd59feef793bc56f93194481d27578cbd45c3e5
data/qasmbench/large/multiplier_n45.qasm	large/multiplier_n45/multiplier_n45.qasm	606b3ce2308cf7ca71c7c0b800e76370c3530ad255906431099c4292bec13e34
data/qasmbench/large/multiplier_n75.qasm	large/multiplier_n75/multiplier_n75.qasm	a32cc4f8dccd803af702d55a5b16cd657899016df0695b9027309d369a72cd8b
data/qasmbench/large/qft_n160.qasm	large/qft_n160/qft_n160.qasm	f386a94358ecd1a634245db452bc8e00f6ea89698632a3ebb25ddec8f0067e0b
data/qasmbench/large/qft_n29.qasm	large/qft_n29/qft_n29.qasm	e17668cbd88ae90820a1498c4b71d9e3539fbacf1e7d9c4e08d5f9d5eb6564c3
data/qasmbench/large/qft_n320.qasm	large/qft_n320/qft_n320.qasm	109a02d9cec5617edeea026b20947fc84cc0b2dd93e4af35e4df3b59476fd612
data/qasmbench/large/qft_n63.qasm	large/qft_n63/qft_n63.qasm	6fad7f3a11b4f50b10a467b076521d22891505bb759f63146be84e74225417ba
data/qasmbench/large/qugan_n111.qasm	large/qugan_n111/qugan_n111.qasm	949bc69389fd910b0ca274a878632ccc7bfd312623ee9d1eb466f054ec1a9bde
data/qasmbench/large/qugan_n39.qasm	large/qugan_n39/qugan_n39.qasm	4b4358666bd1091cb6c2877a2f4a161c5bfeb2e60755412f16c082b7f791963f
data/qasmbench/large/qugan_n395.qasm	large/qugan_n395/qugan_n395.qasm	f58ddc98613854ced82f3e14406fec605e57328fdc41f986037cb3b5b2e55abe
data/qasmbench/large/qugan_n71.qasm	large/qugan_n71/qugan_n71.qasm	4ed00f78f929652258fa329a80923f0b17d2514e14c3c4c6a2e606382570cdab
data/qasmbench/large/square_root_n45.qasm	large/square_root_n45/square_root_n45.qasm	1ab43276437fe6002f2464cbb8756e30a7a7f8d57b84c5df990b39fadf8f8cc6
data/qasmbench/large/square_root_n60.qasm	large/square_root_n60/square_root_n60.qasm	9eca8cadef1060758fc0653732795ee5e766c58d28b4b49bace733dc20127f3c
data/qasmbench/large/swap_test_n115.qasm	large/swap_test_n115/swap_test_n115.qasm	52f452fdbb48d20b981d1a4d1292b80790f2dfe23f1a3d3477cc4cc00d6abf5c
data/qasmbench/large/swap_test_n361.qasm	large/swap_test_n361/swap_test_n361.qasm	3a18b5d650f327fef40b43e5cd15977526145cbbf1704e0bc796d8d7a6ba286a
data/qasmbench/large/swap_test_n41.qasm	large/swap_test_n41/swap_test_n41.qasm	1637275b83d889f9b8f7352947f125ceee8fde7e5977b4da245467342ff9987b
data/qasmbench/large/swap_test_n83.qasm	large/swap_test_n83/swap_test_n83.qasm	f424a498f16be2a3f656c5394754e9fc154c645acf803ea6c0347b2911805eb4
data/qasmbench/large/vqe_uccsd_n28.qasm	large/vqe_uccsd_n28/vqe_uccsd_n28.qasm	210f623f700919c1094c6b1b4c06b38f01c022eae5d210d7cac029670605194d
data/qasmbench/large/wstate_n118.qasm	large/wstate_n118/wstate_n118.qasm	f7dbdb1c724d36e4b3a226d78456a60ae88b39ea950200bbf22f6abb45b6af55
data/qasmbench/large/wstate_n36.qasm	large/wstate_n36/wstate_n36.qasm	6cc4f6ee67aeb3b4b565d801f6514cde8173e45eedbe8b935ffcc87d4b5ecc09
data/qasmbench/large/wstate_n380.qasm	large/wstate_n380/wstate_n380.qasm	d55e760505c1f96b18b64a0b88e463b45442419e103ea72eeff8de23196fbe2d
data/qasmbench/large/wstate_n76.qasm	large/wstate_n76/wstate_n76.qasm	b11a71ff3339a21822470839a6155ae505d1bc0bc885788181fe58c8b41bbcac
data/qasmbench/medium/bigadder_n18.qasm	medium/bigadder_n18/bigadder_n18.qasm	097ac44672d0bb9696cd77e561bc094a661f45fa84762373df840efddac4d094
data/qasmbench/medium/bv_n14.qasm	medium/bv_n14/bv_n14.qasm	c98cf8b70ed55423525f55bebe8293fd69a97a33472d83cbf5d39693b6ed5e14
data/qasmbench/medium/bv_n19.qasm	medium/bv_n19/bv_n19.qasm	e80db1204270dc9fdf894c8acc682c2a2883c653185c61dcdc77a99ce5b6723a
data/qasmbench/medium/bwt_n21.qasm	medium/bwt_n21/bwt_n21.qasm	d53499b597f9f1f3253758501cbacbfb468fdcc77192d7f6f320ee5284bdefd4
data/qasmbench/medium/cat_state_n22.qasm	medium/cat_state_n22/cat_state_n22.qasm	a7b6a6a5c83397281250f255ce303f34e90c65d3990ef5b3ecc96fc685083c1e
data/qasmbench/medium/cc_n12.qasm	medium/cc_n12/cc_n12.qasm	67cd81d8392049d251e32e4ad1d7399706c054f829f1ab347c3995fe72d914af
data/qasmbench/medium/dnn_n16.qasm	medium/dnn_n16/dnn_n16.qasm	c194be8740c380fc9679ebcca2515ac52215aea1c58dc5cfc507679a88c64d79
data/qasmbench/medium/factor247_n15.qasm	medium/factor247_n15/factor247_n15.qasm	eb18ab2af0cb5c41e4901104bef1a28626676e8d9be4839b0bf597ba81e4f11c
data/qasmbench/medium/gcm_n13.qasm	medium/gcm_n13/gcm_h6.qasm	2519fdb644635c9f21671c725c23d83893e2b62ccfd926fe2d85b868a01e2bcd
data/qasmbench/medium/ghz_state_n23.qasm	medium/ghz_state_n23/ghz_state_n23.qasm	27e77c753e2993b3b4785872ec83d434dfac62cc526f4ee574347e6f5c8986ff
data/qasmbench/medium/hhl_n14.qasm	medium/hhl_n14/hhl_n14.qasm	db9a67316219936e78f2dd60e72aa215cf048a80f21a323dabbdfc24f19e701e
data/qasmbench/medium/ising_n26.qasm	medium/ising_n26/ising_n26.qasm	ac0dc5f6af55575ad454ce16f78820fa7e1aa16b027a6ab8e49af82b276054ba
data/qasmbench/medium/knn_n25.qasm	medium/knn_n25/knn_n25.qasm	44d66b3aaca346922c64a61316bf166278621667e804fd59ea40eb465c33e678
data/qasmbench/medium/multiplier_n15.qasm	medium/multiplier_n15/multiplier_n15.qasm	e8ad585e5be09f96dd60f7495bd649562c6c05f8bf5d8a416b85a9d834e7eab8
data/qasmbench/medium/multiply_n13.qasm	medium/multiply_n13/multiply_n13.qasm	6d00a50a97f2224ddbb993ed3d82b1928cc1397997fc0347296d7fc42d731755
data/qasmbench/medium/qec9xz_n17.qasm	medium/qec9xz_n17/qec9xz_n17.qasm	27399092d22b16052641827cf12c87f524342ec308d8a2f6589a2d9f815682d3
data/qasmbench/medium/qf21_n15.qasm	medium/qf21_n15/qf21_n15.qasm	46a3b2997c7aa44c97396a55cd4f0c71004cce4fbb52bee55b4c8ffe4fc8c7f3
data/qasmbench/medium/qft_n18.qasm	medium/qft_n18/qft_n18.qasm	5ed6ee804a7067160294d7db81859886788ae56e853286e7307e9c74d5c35ab3
data/qasmbench/medium/qram_n20.qasm	medium/qram_n20/qram_n20.qasm	2b22f2a0a013cb91c5b59063b04e33998a1e24bbd5300a085b01edadd9ac763d
data/qasmbench/medium/sat_n11.qasm	medium/sat_n11/sat_n11.qasm	a876bce6261e0c6b2eff07cca8606a6937fe37ba46d8b1c28cc735d9c8fa325e
data/qasmbench/medium/seca_n11.qasm	medium/seca_n11/seca_n11.qasm	42ed28a2fe7ef6e8f3498a4b4fe326886ba3ee730569874e6d6f928a4efb1b6a
data/qasmbench/medium/square_root_n18.qasm	medium/square_root_n18/square_root_n18.qasm	601bbadb967001504c15a00bc6740e7b91f4f125343af0bb2c3166f51515b650
data/qasmbench/medium/swap_test_n25.qasm	medium/swap_test_n25/swap_test_n25.qasm	45649f6f4af12870b87c8088d97e286fff709b34e38f6363fef79c35a6bda1f0
data/qasmbench/medium/vqe_n24.qasm	medium/vqe_n24/vqe_n24.qasm	810251e4416db8dfde203818be620fa88d7ef7f5d1604d064087509ac2ff0b02
data/qasmbench/medium/wstate_n27.qasm	medium/wstate_n27/wstate_n27.qasm	ecd71063a3bf7e3a7a7440130c932f734aa13c6e368521e82a23f59572071a84
data/qasmbench/small/adder_n10.qasm	small/adder_n10/adder_n10.qasm	89af975627593648e7aca6ac6cb936d2c872093c1eedcaa1b2ab4fa14b602624
data/qasmbench/small/adder_n4.qasm	small/adder_n4/adder_n4.qasm	30f0be9eb50d37ab2de7c87676e32ff7c66bc67eff32dfeafa0cf69951d92438
data/qasmbench/small/basis_change_n3.qasm	small/basis_change_n3/basis_change_n3.qasm	2d998840327e516c71142442f6d9c2924962a8fad2e12e70a2c90d53a78be851
data/qasmbench/small/basis_test_n4.qasm	small/basis_trotter_n4/basis_test_n4.qasm	a6056d13a17783d499e4a8a87c62508534633ca0668225b49a8bf7c3c7e18a4a
data/qasmbench/small/basis_trotter_n4.qasm	small/basis_trotter_n4/basis_trotter_n4.qasm	9ead0e7d5f41cb6675c19457d4e414b77cf90c78cea3e0412bcccdc3f9f73dd5
data/qasmbench/small/bb84_n8.qasm	small/bb84_n8/bb84_n8.qasm	32cb8b0b9a82ab794e99a69e24cce92fd313f37a4725cc61be2f1d761df4fd82
data/qasmbench/small/bell_n4.qasm	small/bell_n4/bell_n4.qasm	1f3a1115385d87f6a444189776e521d6bba1d300f96454e85cb58bb3e297bf81
data/qasmbench/small/cat_state_n4.qasm	small/cat_state_n4/cat_state_n4.qasm	caa882935bb73087db2edbee2aa77133965bdda3aec9687166f9e96b9a2ef8ff
data/qasmbench/small/deutsch_n2.qasm	small/deutsch_n2/deutsch_n2.qasm	56a7b3389495fb497df1a331abb7d4f64ac57d397aaa1c1169d0ac33a10889cd
data/qasmbench/small/dnn_n2.qasm	small/dnn_n2/dnn_n2.qasm	ce0359edb654e5dd1f54035e07cec177d2f50ae1ecd45b651ba71637854b7921
data/qasmbench/small/dnn_n8.qasm	small/dnn_n8/dnn_n8.qasm	7f1f342a59a7a9159a2f0fa619b8a64170a159158ae838eaa75b13212cf2a161
data/qasmbench/small/error_correctiond3_n5.qasm	small/error_correctiond3_n5/error_correctiond3_n5.qasm	c33b5a03491bceb26ca6d494632936614df035a352d437369eca28087ae72ff5
data/qasmbench/small/fredkin_n3.qasm	small/fredkin_n3/fredkin_n3.qasm	5ede0e9d4cdc723afcdb515f16f984bf47cf53423e12fcafc10ee03bd9577996
data/qasmbench/small/grover_n2.qasm	small/grover_n2/grover_n2.qasm	afd134759fa0eefb9f84a88d3e9f156cd54e83b10177d02c33bb6f519c08b813
data/qasmbench/small/hhl_n10.qasm	small/hhl_n10/hhl_n10.qasm	07f6ec77d01a41db21212b70fb024e06e26c6c563914e8cd8abc434a190aaddc
data/qasmbench/small/hhl_n7.qasm	small/hhl_n7/hhl_n7.qasm	8d7754418a92a0f8e28010f1430d7bc4e9db4b08f4f364473bd5290ee6fc8b94
data/qasmbench/small/hs4_n4.qasm	small/hs4_n4/hs4_n4.qasm	f362ca9ffd7f045f517dfe4d67350794ac998f4eb427586a804eed9379340f63
data/qasmbench/small/inverseqft_n4.qasm	small/inverseqft_n4/inverseqft_n4.qasm	2b950bb566ea547918adcea27b13defb3ad31fb10bf3b4ccb25d51e91b5527b1
data/qasmbench/small/ipea_n2.qasm	small/ipea_n2/ipea_n2.qasm	78a11d6fadec00a0a119d9e40641124a40fd8b4eebacfb36e81ed525775e4ee8
data/qasmbench/small/ising_n10.qasm	small/ising_n10/ising_n10.qasm	c10edc4a40eadf4d610aa012524e9eed4bdd1a02fc9d939cccae8ad4ed942f67
data/qasmbench/small/iswap_n2.qasm	small/iswap_n2/iswap_n2.qasm	0c6d4dffaeb32c5758511cb51d5f89bcb6c97f3f60c1f5e3cbbeabb53c53ed50
data/qasmbench/small/linearsolver_n3.qasm	small/linearsolver_n3/linearsolver_n3.qasm	ad98aaab04fdd11eed43b6839122909c568ff848dd0b97ed09c11346dd592c42
data/qasmbench/small/lpn_n5.qasm	small/lpn_n5/lpn_n5.qasm	4216e9b4fdf9f22e6ae4f92a67aac8c634209093db4e3f0290f5413165b4de87
data/qasmbench/small/pea_n5.qasm	small/pea_n5/pea_n5.qasm	0ab8129a30be0350c68704b5fcd91f2dfb4c868303c5ad761af411f277f91660
data/qasmbench/small/qaoa_n3.qasm	small/qaoa_n3/qaoa_n3.qasm	4dc17a12b187cc3cf02962cf023a36de4cc48ed3923343ab9ef84e3daf89f5c7
data/qasmbench/small/qaoa_n6.qasm	small/qaoa_n6/qaoa_n6.qasm	fde5eff21c334ef02430bbfa8ea38f9287625cab3ffbd45d92d79590ee27dcc9
data/qasmbench/small/qec_en_n5.qasm	small/qec_en_n5/qec_en_n5.qasm	d7b95967326b65050c5e645c180f2361f8cb3513dae7936de0e0cf53a63fec58
data/qasmbench/small/qec_sm_n5.qasm	small/qec_sm_n5/qec_sm_n5.qasm	dcf8d069188a5cf96a04aaaed23ff6f78e3663523c429609676e066a90332598
data/qasmbench/small/qft_n4.qasm	small/qft_n4/qft_n4.qasm	62c6c8c7ddd95ac2b5367420b9925dbf82d6fb45725f089f01619a639621ad60
data/qasmbench/small/qpe_n9.qasm	small/qpe_n9/qpe_n9.qasm	b341d904913f8a41f22fee387a7939ec9b43873e5f2efeb739d57317ef2b4523
data/qasmbench/small/qrng_n4.qasm	small/qrng_n4/qrng_n4.qasm	627d604f685cebe71f4d079cea6a9266a8d6a136279b6199b32cbc010079a184
data/qasmbench/small/quantumwalks_n2.qasm	small/quantumwalks_n2/quantumwalks_n2.qasm	dea93828107b2b17f6381ed75cb8d985bc8790be74a7378179b441932a84e80b
data/qasmbench/small/sat_n7.qasm	small/sat_n7/sat_n7.qasm	8b1f5b293141114e9f550d05fa04958f88f819e7d7aa7b1ef691c6158b0bd926
data/qasmbench/small/shor_n5.qasm	small/shor_n5/shor_n5.qasm	e4dace5c3769f934e9c94786e9e12e5b2106960792a0812816cce36bc3b1a615
data/qasmbench/small/simon_n6.qasm	small/simon_n6/simon_n6.qasm	756eee6bf939d1b5879da3ff1bae66cfd2599b9b96515f336ecde6f9ca512fc9
data/qasmbench/small/teleportation_n3.qasm	small/teleportation_n3/teleportation_n3.qasm	71891c017af93f74cf72b1f222b26d02650ec23242ba9c96b0e8c34da93a5bd6
data/qasmbench/small/toffoli_n3.qasm	small/toffoli_n3/toffoli_n3.qasm	3cd72f83491b25a3c7c94fa826f85fe13f1af28079268b2c34e144299380968f
data/qasmbench/small/variational_n4.qasm	small/variational_n4/variational_n4.qasm	df4ced794da7fd4ca56eb2b02bce53ee77207bec77286cb4626115c6a9b6357d
data/qasmbench/small/vqe_n4.qasm	small/vqe_n4/vqe_n4.qasm	f6777e4fdd8eadcbc8a85a5135e797a96d3b91b3f494593a5b8c9fdcd37530c6
data/qasmbench/small/vqe_uccsd_n4.qasm	small/vqe_uccsd_n4/vqe_uccsd_n4.qasm	be59c8aa33b7cc3b997187e09c24e5f59223cfe79a0c38016d3615d828fed1dd
data/qasmbench/small/vqe_uccsd_n6.qasm	small/vqe_uccsd_n6/vqe_uccsd_n6.qasm	f80361ccbdb3c333ba29a5efce4d1f0b1c018b4a63d40e9c2976df2144747fea
data/qasmbench/small/vqe_uccsd_n8.qasm	small/vqe_uccsd_n8/vqe_uccsd_n8.qasm	5bf2dd10d4767825289ebe9e30933986fa2782063cf60066a44487d7f257b115
data/qasmbench/small/wstate_n3.qasm	small/wstate_n3/wstate_n3.qasm	9077432a88fea0f3da2c3b24558333c1a329261b20836ba82b253418d8c7b0dd
